name,description
Alpha Rampage,"Alpha Rampage is a 'Brute Action – Attack' card from the 'Welcome to Rathe' set. It costs 3, pitches for 1, defends for 3, has 9 power, and has the abilities; **Rhinar Specialization**

As an additional cost to play Alpha Rampage, discard a random card.

When you attack with Alpha Rampage, **intimidate**."
Ancestral Empowerment,"Ancestral Empowerment is a 'Ninja – Attack Reaction' card from the 'Welcome to Rathe' set. It costs 0, pitches for 1, defends for 3, has None power, and has the abilities; Target Ninja attack action card gains +1{p}.

Draw a card."
Anothos,"Anothos is a 'Guardian Weapon – Hammer (2H)' card from the 'Welcome to Rathe' set. It has 4 power and the abilities; **Once per turn Action** - {r}{r}{r}: **Attack**

While there are 2 or more cards with cost 3 or greater in your pitch zone, Anothos has +2{p}."
Awakening Bellow (Red),"Awakening Bellow (Red) is a 'Brute Action' card from the 'Welcome to Rathe' set. It costs 1, pitches for 1, defends for 3, has None power, and has the abilities; The next Brute attack action card you play this turn gains +3{p}.

**Intimidate**

**Go again**"
Awakening Bellow (Yellow),"Awakening Bellow (Yellow) is a 'Brute Action' card from the 'Welcome to Rathe' set. It costs 1, pitches for 2, defends for 3, has None power, and has the abilities; The next Brute attack action card you play this turn gains +2{p}.

**Intimidate**

**Go again**"
Awakening Bellow (Blue),"Awakening Bellow (Blue) is a 'Brute Action' card from the 'Welcome to Rathe' set. It costs 1, pitches for 3, defends for 3, has None power, and has the abilities; The next Brute attack action card you play this turn gains +1{p}.

**Intimidate**

**Go again**"
Barkbone Strapping,"Barkbone Strapping is a 'Brute Equipment – Chest' card from the 'Welcome to Rathe' set. It defends for 1 and has the abilities; **Instant** - Destroy Barkbone Strapping: Roll a 6 die. Gain {r} equal to half the number rolled, rounded down.

**Battleworn**"
Barraging Beatdown (Red),"Barraging Beatdown (Red) is a 'Brute Action' card from the 'Welcome to Rathe' set. It costs 0, pitches for 1, defends for 3, has None power, and has the abilities; Your next Brute attack this turn gains ""While this attack is defended by less than 2 non-equipment cards, it has +4{p}.""

**Intimidate**

**Go again**"
Barraging Beatdown (Yellow),"Barraging Beatdown (Yellow) is a 'Brute Action' card from the 'Welcome to Rathe' set. It costs 0, pitches for 2, defends for 3, has None power, and has the abilities; Your next Brute attack this turn gains ""While this attack is defended by less than 2 non-equipment cards, it has +3{p}.""

**Intimidate**

**Go again**"
Barraging Beatdown (Blue),"Barraging Beatdown (Blue) is a 'Brute Action' card from the 'Welcome to Rathe' set. It costs 0, pitches for 3, defends for 3, has None power, and has the abilities; Your next Brute attack this turn gains ""While this attack is defended by less than 2 non-equipment cards, it has +2{p}.""

**Intimidate**

**Go again**"
Barraging Brawnhide (Red),"Barraging Brawnhide (Red) is a 'Generic Action – Attack' card from the 'Welcome to Rathe' set. It costs 3, pitches for 1, defends for 2, has 7 power, and has the abilities; While Barraging Brawnhide is defended by less than 2 non-equipment cards, it has +1{p}."
Barraging Brawnhide (Yellow),"Barraging Brawnhide (Yellow) is a 'Generic Action – Attack' card from the 'Welcome to Rathe' set. It costs 3, pitches for 2, defends for 2, has 6 power, and has the abilities; While Barraging Brawnhide is defended by less than 2 non-equipment cards, it has +1{p}."
Barraging Brawnhide (Blue),"Barraging Brawnhide (Blue) is a 'Generic Action – Attack' card from the 'Welcome to Rathe' set. It costs 3, pitches for 3, defends for 2, has 5 power, and has the abilities; While Barraging Brawnhide is defended by less than 2 non-equipment cards, it has +1{p}."
Biting Blade (Red),"Biting Blade (Red) is a 'Warrior Attack Reaction' card from the 'Welcome to Rathe' set. It costs 2, pitches for 1, defends for 3, has None power, and has the abilities; Target weapon attack gains +3{p}.

**Reprise** - If the defending hero has defended with a card from their hand this chain link, weapons you control gain +1{p} until end of turn"
Biting Blade (Yellow),"Biting Blade (Yellow) is a 'Warrior Attack Reaction' card from the 'Welcome to Rathe' set. It costs 2, pitches for 2, defends for 3, has None power, and has the abilities; Target weapon attack gains +2{p}.

**Reprise** - If the defending hero has defended with a card from their hand this chain link, weapons you control gain +1{p} until end of turn"
Biting Blade (Blue),"Biting Blade (Blue) is a 'Warrior Attack Reaction' card from the 'Welcome to Rathe' set. It costs 2, pitches for 3, defends for 3, has None power, and has the abilities; Target weapon attack gains +1{p}.

**Reprise** - If the defending hero has defended with a card from their hand this chain link, weapons you control gain +1{p} until end of turn"
Blackout Kick (Red),"Blackout Kick (Red) is a 'Ninja Action – Attack' card from the 'Welcome to Rathe' set. It costs 1, pitches for 1, defends for 3, has 4 power, and has the abilities; **Combo** - If Rising Knee Thrust was the last attack this combat chain, Blackout Kick gains +3{p}."
Blackout Kick (Yellow),"Blackout Kick (Yellow) is a 'Ninja Action – Attack' card from the 'Welcome to Rathe' set. It costs 1, pitches for 2, defends for 3, has 3 power, and has the abilities; **Combo** - If Rising Knee Thrust was the last attack this combat chain, Blackout Kick gains +3{p}."
Blackout Kick (Blue),"Blackout Kick (Blue) is a 'Ninja Action – Attack' card from the 'Welcome to Rathe' set. It costs 1, pitches for 3, defends for 3, has 2 power, and has the abilities; **Combo** - If Rising Knee Thrust was the last attack this combat chain, Blackout Kick gains +3{p}."
Blessing of Deliverance (Red),"Blessing of Deliverance (Red) is a 'Guardian Action – Aura' card from the 'Welcome to Rathe' set. It costs 2, pitches for 1, defends for 3, has None power, and has the abilities; **Go again**

When Blessing of Deliverance enters the arena, if you have a card with cost 3 or greater in your pitch zone, draw a card.

At the beginning of your action phase, destroy Blessing of Deliverance then reveal the top 3 cards of your deck. Gain 1{h} for each card with cost 3 or greater revealed this way."
Blessing of Deliverance (Yellow),"Blessing of Deliverance (Yellow) is a 'Guardian Action – Aura' card from the 'Welcome to Rathe' set. It costs 2, pitches for 2, defends for 3, has None power, and has the abilities; **Go again**

When Blessing of Deliverance enters the arena, if you have a card with cost 3 or greater in your pitch zone, draw a card.

At the beginning of your action phase, destroy Blessing of Deliverance then reveal the top 2 cards of your deck. Gain 1{h} for each card with cost 3 or greater revealed this way."
Blessing of Deliverance (Blue),"Blessing of Deliverance (Blue) is a 'Guardian Action – Aura' card from the 'Welcome to Rathe' set. It costs 2, pitches for 3, defends for 3, has None power, and has the abilities; **Go again**

When Blessing of Deliverance enters the arena, if you have a card with cost 3 or greater in your pitch zone, draw a card.

At the beginning of your action phase, destroy Blessing of Deliverance then reveal the top card of your deck. Gain 1{h} for each card with cost 3 or greater revealed this way."
Bloodrush Bellow,"Bloodrush Bellow is a 'Brute Action' card from the 'Welcome to Rathe' set. It costs 1, pitches for 2, defends for 3, has None power, and has the abilities; As an additional cost to play Bloodrush Bellow, discard a random card.

Your Brute attacks gain +2{p} this turn.

If the discarded card has 6 or more {p}, draw 2 cards and Bloodrush Bellow gains **go again**."
Bone Head Barrier,"Bone Head Barrier is a 'Brute Instant' card from the 'Welcome to Rathe' set. It costs 1, pitches for 2, defends for None, has None power, and has the abilities; Roll a 6 sided die. Prevent the next X damage that would be dealt to your hero this turn, where X is the number rolled."
Braveforge Bracers,"Braveforge Bracers is a 'Warrior Equipment – Arms' card from the 'Welcome to Rathe' set. It defends for 2 and has the abilities; **Once per turn Action** - {r}: Your next weapon attack this turn gains +1{p}. Activate this ability only if a weapon you control has hit this turn. **Go again**

**Battleworn**"
Bravo,"Bravo is a 'Guardian Hero – Young' card from the 'Welcome to Rathe' set. It costs None, pitches for None, defends for None, has None power, and has the abilities; **Action** - {r}{r}: Until end of turn, your attack action cards with cost 3 or greater gains **dominate**. **Go again**"
"Bravo, Showstopper","Bravo, Showstopper is a 'Guardian Hero' card from the 'Welcome to Rathe' set. It costs None, pitches for None, defends for None, has None power, and has the abilities; **Action** - {r}{r}: Until end of turn, your attack action cards with cost 3 or greater gains **dominate**. **Go again**"
Breaking Scales,"Breaking Scales is a 'Ninja Equipment – Arms' card from the 'Welcome to Rathe' set. It defends for 1 and has the abilities; **Attack Reaction** - Destroy Breaking Scales: Target attack action card with **combo** gains +1{p}.

**Battleworn**"
Breakneck Battery (Red),"Breakneck Battery (Red) is a 'Brute Action – Attack' card from the 'Welcome to Rathe' set. It costs 2, pitches for 1, defends for 3, has 6 power, and has the abilities; As an additional cost to play Breakneck Battery, discard a random card.

If the discarded card has 6 or more {p}, Breakneck Battery gains **go again**."
Breakneck Battery (Yellow),"Breakneck Battery (Yellow) is a 'Brute Action – Attack' card from the 'Welcome to Rathe' set. It costs 2, pitches for 2, defends for 3, has 5 power, and has the abilities; As an additional cost to play Breakneck Battery, discard a random card.

If the discarded card has 6 or more {p}, Breakneck Battery gains **go again**."
Breakneck Battery (Blue),"Breakneck Battery (Blue) is a 'Brute Action – Attack' card from the 'Welcome to Rathe' set. It costs 2, pitches for 3, defends for 3, has 4 power, and has the abilities; As an additional cost to play Breakneck Battery, discard a random card.

If the discarded card has 6 or more {p}, Breakneck Battery gains **go again**."
Buckling Blow (Red),"Buckling Blow (Red) is a 'Guardian Action – Attack' card from the 'Welcome to Rathe' set. It costs 4, pitches for 1, defends for 3, has 8 power, and has the abilities; **Crush** - If Buckling Blow deals 4 or more damage to a hero, put a -1{d} counter on target equipment they control."
Buckling Blow (Yellow),"Buckling Blow (Yellow) is a 'Guardian Action – Attack' card from the 'Welcome to Rathe' set. It costs 4, pitches for 2, defends for 3, has 7 power, and has the abilities; **Crush** - If Buckling Blow deals 4 or more damage to a hero, put a -1{d} counter on target equipment they control."
Buckling Blow (Blue),"Buckling Blow (Blue) is a 'Guardian Action – Attack' card from the 'Welcome to Rathe' set. It costs 4, pitches for 3, defends for 3, has 6 power, and has the abilities; **Crush** - If Buckling Blow deals 4 or more damage to a hero, put a -1{d} counter on target equipment they control."
Cartilage Crush (Red),"Cartilage Crush (Red) is a 'Guardian Action – Attack' card from the 'Welcome to Rathe' set. It costs 3, pitches for 1, defends for 3, has 7 power, and has the abilities; **Crush** - If Cartilage Crush deals 4 or more damage to a hero, their first action during their next turn costs an additional {r}."
Cartilage Crush (Yellow),"Cartilage Crush (Yellow) is a 'Guardian Action – Attack' card from the 'Welcome to Rathe' set. It costs 3, pitches for 2, defends for 3, has 6 power, and has the abilities; **Crush** - If Cartilage Crush deals 4 or more damage to a hero, their first action during their next turn costs an additional {r}."
Cartilage Crush (Blue),"Cartilage Crush (Blue) is a 'Guardian Action – Attack' card from the 'Welcome to Rathe' set. It costs 3, pitches for 3, defends for 3, has 5 power, and has the abilities; **Crush** - If Cartilage Crush deals 4 or more damage to a hero, their first action during their next turn costs an additional {r}."
Cracked Bauble,"Cracked Bauble is a 'Generic Resource' card from the 'Welcome to Rathe' set. It costs None, pitches for 2, defends for None, has None power, and has the abilities; *(Cracked Bauble exists to support Booster Draft and sealed Deck formats. A player may add any number of Cracked Baubles to their deck. Typically, a player would only do this if they did not have enough legally playable cards to make a 30 card minimum deck.)*"
Cranial Crush,"Cranial Crush is a 'Guardian Action – Attack' card from the 'Welcome to Rathe' set. It costs 6, pitches for 3, defends for 3, has 8 power, and has the abilities; **Crush** - If Cranial Crush deals 4 or more damage to a hero, they can't draw cards during their next action phase"
Crazy Brew,"Crazy Brew is a 'Generic Action – Item' card from the 'Welcome to Rathe' set. It costs 0, pitches for 3, defends for None, has None power, and has the abilities; **Action** - Destroy Crazy Brew: Roll a 6 sided die. On;

- 1 or 2 - Lose 2{h}. **Go again**
- 3 or 4 - Gain 2{h}. **Go again**
- 5 or 6 - Gain {r}{r}, gain 2 action points, and your next attack this turn gains +2{p}."
Crippling Crush,"Crippling Crush is a 'Guardian Action – Attack' card from the 'Welcome to Rathe' set. It costs 7, pitches for 1, defends for 3, has 11 power, and has the abilities; **Bravo Specialization**

**Crush** - If Crippling Crush deals 4 or more damage to a hero, they discard 2 random cards."
Crush Confidence (Red),"Crush Confidence (Red) is a 'Guardian Action – Attack' card from the 'Welcome to Rathe' set. It costs 3, pitches for 1, defends for 3, has 7 power, and has the abilities; **Crush** - If Crush Confidence deals 4 or more damage to a hero, they lose all hero card effects and activated abilities until the end of their next turn."
Crush Confidence (Yellow),"Crush Confidence (Yellow) is a 'Guardian Action – Attack' card from the 'Welcome to Rathe' set. It costs 3, pitches for 2, defends for 3, has 6 power, and has the abilities; **Crush** - If Crush Confidence deals 4 or more damage to a hero, they lose all hero card effects and activated abilities until the end of their next turn."
Crush Confidence (Blue),"Crush Confidence (Blue) is a 'Guardian Action – Attack' card from the 'Welcome to Rathe' set. It costs 3, pitches for 3, defends for 3, has 5 power, and has the abilities; **Crush** - If Crush Confidence deals 4 or more damage to a hero, they lose all hero card effects and activated abilities until the end of their next turn."
Dawnblade,"Dawnblade is a 'Warrior Weapon – Sword (2H)' card from the 'Welcome to Rathe' set. It has 3 power and the abilities; **Once per Turn Action** - {r}: **Attack**

If Dawnblade hits, and it's the second time it has hit this turn, put a +1{p} counter on Dawnblade.

At the beginning of your end phase, if Dawnblade has not hit this turn, remove all +1{p} counters from Dawnblade."
Debilitate (Red),"Debilitate (Red) is a 'Guardian Action – Attack' card from the 'Welcome to Rathe' set. It costs 4, pitches for 1, defends for 3, has 8 power, and has the abilities; **Crush** - If Debilitate deals 4 or more damage to a hero, their first attack during their next turn has -2{p}."
Debilitate (Yellow),"Debilitate (Yellow) is a 'Guardian Action – Attack' card from the 'Welcome to Rathe' set. It costs 4, pitches for 2, defends for 3, has 7 power, and has the abilities; **Crush** - If Debilitate deals 4 or more damage to a hero, their first attack during their next turn has -2{p}."
Debilitate (Blue),"Debilitate (Blue) is a 'Guardian Action – Attack' card from the 'Welcome to Rathe' set. It costs 4, pitches for 3, defends for 3, has 6 power, and has the abilities; **Crush** - If Debilitate deals 4 or more damage to a hero, their first attack during their next turn has -2{p}."
Demolition Crew (Red),"Demolition Crew (Red) is a 'Generic Action – Attack' card from the 'Welcome to Rathe' set. It costs 2, pitches for 1, defends for 2, has 6 power, and has the abilities; As an additional cost to play Demolition Crew, reveal a card in your hand with cost 2 or greater.

**Dominate**"
Demolition Crew (Yellow),"Demolition Crew (Yellow) is a 'Generic Action – Attack' card from the 'Welcome to Rathe' set. It costs 2, pitches for 2, defends for 2, has 5 power, and has the abilities; As an additional cost to play Demolition Crew, reveal a card in your hand with cost 2 or greater.

**Dominate**"
Demolition Crew (Blue),"Demolition Crew (Blue) is a 'Generic Action – Attack' card from the 'Welcome to Rathe' set. It costs 2, pitches for 3, defends for 2, has 4 power, and has the abilities; As an additional cost to play Demolition Crew, reveal a card in your hand with cost 2 or greater.

**Dominate**"
Disable (Red),"Disable (Red) is a 'Guardian Action – Attack' card from the 'Welcome to Rathe' set. It costs 5, pitches for 1, defends for 3, has 9 power, and has the abilities; **Crush** - If Disable deals 4 or more damage to a hero, put a card from their arsenal on the bottom of its owner deck."
Disable (Yellow),"Disable (Yellow) is a 'Guardian Action – Attack' card from the 'Welcome to Rathe' set. It costs 5, pitches for 2, defends for 3, has 8 power, and has the abilities; **Crush** - If Disable deals 4 or more damage to a hero, put a card from their arsenal on the bottom of its owner deck."
Disable (Blue),"Disable (Blue) is a 'Guardian Action – Attack' card from the 'Welcome to Rathe' set. It costs 5, pitches for 3, defends for 3, has 7 power, and has the abilities; **Crush** - If Disable deals 4 or more damage to a hero, put a card from their arsenal on the bottom of its owner deck."
Dorinthea,"Dorinthea is a 'Warrior Hero – Young' card from the 'Welcome to Rathe' set. It costs None, pitches for None, defends for None, has None power, and has the abilities; **Once per turn Effect** - When a weapon you control hits, you may attack an additional time with that weapon this turn."
Dorinthea Ironsong,"Dorinthea Ironsong is a 'Warrior Hero' card from the 'Welcome to Rathe' set. It costs None, pitches for None, defends for None, has None power, and has the abilities; **Once per turn Effect** - When a weapon you control hits, you may attack an additional time with that weapon this turn."
Driving Blade (Red),"Driving Blade (Red) is a 'Warrior Action' card from the 'Welcome to Rathe' set. It costs 2, pitches for 1, defends for 3, has None power, and has the abilities; Your next weapon attack this turn gains +3{p} and **go again**.

**Go again**"
Driving Blade (Yellow),"Driving Blade (Yellow) is a 'Warrior Action' card from the 'Welcome to Rathe' set. It costs 2, pitches for 2, defends for 3, has None power, and has the abilities; Your next weapon attack this turn gains +2{p} and **go again**.

**Go again**"
Driving Blade (Blue),"Driving Blade (Blue) is a 'Warrior Action' card from the 'Welcome to Rathe' set. It costs 2, pitches for 3, defends for 3, has None power, and has the abilities; Your next weapon attack this turn gains +1{p} and **go again**.

**Go again**"
Drone of Brutality (Red),"Drone of Brutality (Red) is a 'Generic Action – Attack' card from the 'Welcome to Rathe' set. It costs 2, pitches for 1, defends for 2, has 6 power, and has the abilities; If Drone of Brutality would be put into your graveyard from anywhere, instead put it on the bottom of your deck."
Drone of Brutality (Yellow),"Drone of Brutality (Yellow) is a 'Generic Action – Attack' card from the 'Welcome to Rathe' set. It costs 2, pitches for 2, defends for 2, has 5 power, and has the abilities; If Drone of Brutality would be put into your graveyard from anywhere, instead put it on the bottom of your deck."
Drone of Brutality (Blue),"Drone of Brutality (Blue) is a 'Generic Action – Attack' card from the 'Welcome to Rathe' set. It costs 2, pitches for 3, defends for 2, has 4 power, and has the abilities; If Drone of Brutality would be put into your graveyard from anywhere, instead put it on the bottom of your deck."
Emerging Power (Red),"Emerging Power (Red) is a 'Guardian Action – Aura' card from the 'Welcome to Rathe' set. It costs 2, pitches for 1, defends for 3, has None power, and has the abilities; **Go again**

At the beginning of your action phase, destroy Emerging Power then the next Guardian attack action card you play this turn gains +3{p}."
Emerging Power (Yellow),"Emerging Power (Yellow) is a 'Guardian Action – Aura' card from the 'Welcome to Rathe' set. It costs 2, pitches for 2, defends for 3, has None power, and has the abilities; **Go again**

At the beginning of your action phase, destroy Emerging Power then the next Guardian attack action card you play this turn gains +2{p}."
Emerging Power (Blue),"Emerging Power (Blue) is a 'Guardian Action – Aura' card from the 'Welcome to Rathe' set. It costs 2, pitches for 3, defends for 3, has None power, and has the abilities; **Go again**

At the beginning of your action phase, destroy Emerging Power then the next Guardian attack action card you play this turn gains +1{p}."
Energy Potion,"Energy Potion is a 'Generic Action – Item' card from the 'Welcome to Rathe' set. It costs 0, pitches for 3, defends for None, has None power, and has the abilities; **Instant** - Destroy Energy Potion: Gain {r}{r}"
Enlightened Strike,"Enlightened Strike is a 'Generic Action – Attack' card from the 'Welcome to Rathe' set. It costs 0, pitches for 1, defends for 3, has 5 power, and has the abilities; As an additional cost to play Enlightened Strike, put a card from your hand on the bottom of your deck.

Choose 1;
- When you attack with Enlightened Strike, draw a card.
- Enlightened Strike gains +2{p}.
- Enlightened Strike gains **go again**."
Flic Flak (Red),"Flic Flak (Red) is a 'Ninja – Defense Reaction' card from the 'Welcome to Rathe' set. It costs 0, pitches for 1, defends for 4, has None power, and has the abilities; If the next card you defend with this turn is a card with **combo**, it gains +2{d}."
Flic Flak (Yellow),"Flic Flak (Yellow) is a 'Ninja – Defense Reaction' card from the 'Welcome to Rathe' set. It costs 0, pitches for 2, defends for 3, has None power, and has the abilities; If the next card you defend with this turn is a card with **combo**, it gains +2{d}."
Flic Flak (Blue),"Flic Flak (Blue) is a 'Ninja – Defense Reaction' card from the 'Welcome to Rathe' set. It costs 0, pitches for 3, defends for 2, has None power, and has the abilities; If the next card you defend with this turn is a card with **combo**, it gains +2{d}."
Flock of the Feather Walkers (Red),"Flock of the Feather Walkers (Red) is a 'Generic Action – Attack' card from the 'Welcome to Rathe' set. It costs 1, pitches for 1, defends for 2, has 5 power, and has the abilities; As an additional cost to play Flock of the Feather Walkers, reveal a card in your hand with cost 1 or less.

When you attack with Flock of the Feather Walkers, create a Quicken token."
Flock of the Feather Walkers (Yellow),"Flock of the Feather Walkers (Yellow) is a 'Generic Action – Attack' card from the 'Welcome to Rathe' set. It costs 1, pitches for 2, defends for 2, has 4 power, and has the abilities; As an additional cost to play Flock of the Feather Walkers, reveal a card in your hand with cost 1 or less.

When you attack with Flock of the Feather Walkers, create a Quicken token."
Flock of the Feather Walkers (Blue),"Flock of the Feather Walkers (Blue) is a 'Generic Action – Attack' card from the 'Welcome to Rathe' set. It costs 1, pitches for 3, defends for 2, has 3 power, and has the abilities; As an additional cost to play Flock of the Feather Walkers, reveal a card in your hand with cost 1 or less.

When you attack with Flock of the Feather Walkers, create a Quicken token."
Fluster Fist (Red),"Fluster Fist (Red) is a 'Ninja Action – Attack' card from the 'Welcome to Rathe' set. It costs 0, pitches for 1, defends for 3, has 4 power, and has the abilities; **Combo** - If Open the Center was the last attack this combat chain, Fluster Fist gains +1{p} for each attack that has hit this combat chain."
Fluster Fist (Yellow),"Fluster Fist (Yellow) is a 'Ninja Action – Attack' card from the 'Welcome to Rathe' set. It costs 0, pitches for 2, defends for 3, has 3 power, and has the abilities; **Combo** - If Open the Center was the last attack this combat chain, Fluster Fist gains +1{p} for each attack that has hit this combat chain."
Fluster Fist (Blue),"Fluster Fist (Blue) is a 'Ninja Action – Attack' card from the 'Welcome to Rathe' set. It costs 0, pitches for 3, defends for 3, has 2 power, and has the abilities; **Combo** - If Open the Center was the last attack this combat chain, Fluster Fist gains +1{p} for each attack that has hit this combat chain."
Forged for War,"Forged for War is a 'Guardian Action – Aura' card from the 'Welcome to Rathe' set. It costs 2, pitches for 2, defends for 3, has None power, and has the abilities; **Go again**

Equipment you control gain +1{d}.

At the beginning of your action phase, destroy Forged for War."
Fyendal's Spring Tunic,"Fyendal's Spring Tunic is a 'Generic Equipment – Chest' card from the 'Welcome to Rathe' set. It defends for 1 and has the abilities; At the start of your turn, if Fyendal's Spring Tunic has less than 3 energy counters, you may put an energy counter on it.

**Instant** - Remove 3 energy counters from Fyendal's Spring Tunic: Gain {r}

**Blade Break**"
Glint the Quicksilver,"Glint the Quicksilver is a 'Warrior Attack Reaction' card from the 'Welcome to Rathe' set. It costs 0, pitches for 3, defends for 3, has None power, and has the abilities; Target weapon attack gains **go again**.

**Reprise** - If the defending hero has defended with a card from their hand this chain link, draw a card."
Goliath Gauntlet,Goliath Gauntlet is a 'Generic Equipment – Arms' card from the 'Welcome to Rathe' set. It defends for 0 and has the abilities; **Action** - Destroy Goliath Gauntlet: The next attack action card with cost 2 or greater you play this turn gains +2{p}. **Go again**
Harmonized Kodachi,"Harmonized Kodachi is a 'Ninja Weapon – Dagger (1H)' card from the 'Welcome to Rathe' set. It has 1 power and the abilities; **Once per Turn Action** - {r}: **Attack**

If you have a card in your pitch zone with cost 0, Harmonized Kodachi has **go again**."
Head Jab (Red),"Head Jab (Red) is a 'Ninja Action – Attack' card from the 'Welcome to Rathe' set. It costs 0, pitches for 1, defends for 2, has 3 power, and has the abilities; **Go again**"
Head Jab (Yellow),"Head Jab (Yellow) is a 'Ninja Action – Attack' card from the 'Welcome to Rathe' set. It costs 0, pitches for 2, defends for 2, has 2 power, and has the abilities; **Go again**"
Head Jab (Blue),"Head Jab (Blue) is a 'Ninja Action – Attack' card from the 'Welcome to Rathe' set. It costs 0, pitches for 3, defends for 2, has 1 power, and has the abilities; **Go again**"
Heart of Fyendal,"Heart of Fyendal is a 'Generic Resource – Gem' card from the 'Welcome to Rathe' set. It costs None, pitches for 3, defends for None, has None power, and has the abilities; **Legendary**

When you pitch Heart of Fyendal, if you have less {h} than your opponent, gain 1{h}."
Heartened Cross Strap,Heartened Cross Strap is a 'Generic Equipment – Chest' card from the 'Welcome to Rathe' set. It defends for 0 and has the abilities; **Action** - Destroy Heartened Cross Strap: The next attack action card you play this turn costs {r}{r} less to play. **Go again**
Helm of Isen's Peak,"Helm of Isen's Peak is a 'Guardian Equipment – Head' card from the 'Welcome to Rathe' set. It defends for 1 and has the abilities; **Action** - {r}, destroy Helm of Isen Peak: Your hero gains +1{i} until end of turn.

**Battleworn**"
Hope Merchant's Hood,"Hope Merchant's Hood is a 'Generic Equipment – Head' card from the 'Welcome to Rathe' set. It defends for 0 and has the abilities; **Instant** - Destroy Hope Merchant's Hood: Shuffle any number of cards from your hand into your deck, then draw that many cards."
Hurricane Technique,"Hurricane Technique is a 'Ninja Action – Attack' card from the 'Welcome to Rathe' set. It costs 1, pitches for 2, defends for 3, has 4 power, and has the abilities; **Combo** - If Rising Knee Thrust was the last attack this combat chain, Hurricane Technique gains +1{p}, **go again**, and ""If Hurricane Technique hits, put it into your hand."""
Ironrot Gauntlet,Ironrot Gauntlet is a 'Generic Equipment – Arms' card from the 'Welcome to Rathe' set. It defends for 1 and has the abilities; **Blade Break**
Ironrot Helm,Ironrot Helm is a 'Generic Equipment – Head' card from the 'Welcome to Rathe' set. It defends for 1 and has the abilities; **Blade Break**
Ironrot Legs,Ironrot Legs is a 'Generic Equipment – Legs' card from the 'Welcome to Rathe' set. It defends for 1 and has the abilities; **Blade Break**
Ironrot Plate,Ironrot Plate is a 'Generic Equipment – Chest' card from the 'Welcome to Rathe' set. It defends for 1 and has the abilities; **Blade Break**
Ironsong Determination,"Ironsong Determination is a 'Warrior Action' card from the 'Welcome to Rathe' set. It costs 0, pitches for 2, defends for 3, has None power, and has the abilities; Target weapon gains +1{p} and **dominate** until end of turn.

**Go again**"
Ironsong Response (Red),"Ironsong Response (Red) is a 'Warrior Attack Reaction' card from the 'Welcome to Rathe' set. It costs 0, pitches for 1, defends for 3, has None power, and has the abilities; **Reprise** - If the defending hero has defended with a card from their hand this chain link, target weapon attack gains +3{p}."
Ironsong Response (Yellow),"Ironsong Response (Yellow) is a 'Warrior Attack Reaction' card from the 'Welcome to Rathe' set. It costs 0, pitches for 2, defends for 3, has None power, and has the abilities; **Reprise** - If the defending hero has defended with a card from their hand this chain link, target weapon attack gains +2{p}."
Ironsong Response (Blue),"Ironsong Response (Blue) is a 'Warrior Attack Reaction' card from the 'Welcome to Rathe' set. It costs 0, pitches for 3, defends for 3, has None power, and has the abilities; **Reprise** - If the defending hero has defended with a card from their hand this chain link, target weapon attack gains +1{p}."
Katsu,"Katsu is a 'Ninja Hero – Young' card from the 'Welcome to Rathe' set. It costs None, pitches for None, defends for None, has None power, and has the abilities; The first time an attack action card you control hits each turn, you may discard a card with cost 0. If you do, search your deck for a card with **combo**, banish it face up, then shuffle your deck. You may play it this turn."
"Katsu, the Wanderer","Katsu, the Wanderer is a 'Ninja Hero' card from the 'Welcome to Rathe' set. It costs None, pitches for None, defends for None, has None power, and has the abilities; The first time an attack action card you control hits each turn, you may discard a card with cost 0. If you do, search your deck for a card with **combo**, banish it face up, then shuffle your deck. You may play it this turn."
Last Ditch Effort,"Last Ditch Effort is a 'Generic Action – Attack' card from the 'Welcome to Rathe' set. It costs 3, pitches for 3, defends for 3, has 4 power, and has the abilities; When you play Last Ditch Effort, if you have no cards in your deck, it gains +4{p} and **go again**."
Leg Tap (Red),"Leg Tap (Red) is a 'Ninja Action – Attack' card from the 'Welcome to Rathe' set. It costs 1, pitches for 1, defends for 2, has 4 power, and has the abilities; **Go again**"
Leg Tap (Yellow),"Leg Tap (Yellow) is a 'Ninja Action – Attack' card from the 'Welcome to Rathe' set. It costs 1, pitches for 2, defends for 2, has 3 power, and has the abilities; **Go again**"
Leg Tap (Blue),"Leg Tap (Blue) is a 'Ninja Action – Attack' card from the 'Welcome to Rathe' set. It costs 1, pitches for 3, defends for 2, has 2 power, and has the abilities; **Go again**"
Lord of Wind,"Lord of Wind is a 'Ninja Action – Attack' card from the 'Welcome to Rathe' set. It costs 0, pitches for 3, defends for 3, has 2 power, and has the abilities; **Katsu Specialization**

**Combo** - If Mugenshi: RELEASE was the last attack this combat chain, as an additional cost to play Lord of Wind, you may pay any amount of {r}. If you do, shuffle that many target cards named Surging Strike, Whelming Gustwave and/or Mugenshi: RELEASE from your graveyard into your deck, then Lord of Wind gains that much {p}."
Mask of Momentum,"Mask of Momentum is a 'Ninja Equipment – Head' card from the 'Welcome to Rathe' set. It defends for 2 and has the abilities; **Once per Turn Effect** - When an attack action card you control is the third or higher chain link in a row to hit, draw a card.

**Blade Break**"
Mugenshi: RELEASE,"Mugenshi: RELEASE is a 'Ninja Action – Attack' card from the 'Welcome to Rathe' set. It costs 1, pitches for 2, defends for 3, has 4 power, and has the abilities; **Katsu Specialization**

**Combo** - If Whelming Gustwave was the last attack this combat chain, Mugenshi: RELEASE gains +1{p}, **go again**, and ""If this hits, search your deck for any number of cards named Lord of Wind, reveal them, put them into your hand, then shuffle your deck."""
Nature's Path Pilgrimage (Red),"Nature's Path Pilgrimage (Red) is a 'Warrior Action' card from the 'Welcome to Rathe' set. It costs 1, pitches for 1, defends for 3, has None power, and has the abilities; Your next weapon attack this turn gains +3{p} and ""If this hits and you have no cards in your arsenal, reveal the top card of your deck. If it's an action card, put it face down into your arsenal.""

**Go again**"
Nature's Path Pilgrimage (Yellow),"Nature's Path Pilgrimage (Yellow) is a 'Warrior Action' card from the 'Welcome to Rathe' set. It costs 1, pitches for 2, defends for 3, has None power, and has the abilities; Your next weapon attack this turn gains +2{p} and ""If this hits and you have no cards in your arsenal, reveal the top card of your deck. If it's an action card, put it face down into your arsenal.""

**Go again**"
Nature's Path Pilgrimage (Blue),"Nature's Path Pilgrimage (Blue) is a 'Warrior Action' card from the 'Welcome to Rathe' set. It costs 1, pitches for 3, defends for 3, has None power, and has the abilities; Your next weapon attack this turn gains +1{p} and ""If this hits and you have no cards in your arsenal, reveal the top card of your deck. If it's an action card, put it face down into your arsenal.""

**Go again**"
Nimble Strike (Red),"Nimble Strike (Red) is a 'Generic Action – Attack' card from the 'Welcome to Rathe' set. It costs 1, pitches for 1, defends for 2, has 4 power, and has the abilities; As an additional cost to play Nimble Strike, you may banish a card named Nimblism from your graveyard. If you do, Nimble Strike gain +1{p} and **go again**."
Nimble Strike (Yellow),"Nimble Strike (Yellow) is a 'Generic Action – Attack' card from the 'Welcome to Rathe' set. It costs 1, pitches for 2, defends for 2, has 3 power, and has the abilities; As an additional cost to play Nimble Strike, you may banish a card named Nimblism from your graveyard. If you do, Nimble Strike gain +1{p} and **go again**."
Nimble Strike (Blue),"Nimble Strike (Blue) is a 'Generic Action – Attack' card from the 'Welcome to Rathe' set. It costs 1, pitches for 3, defends for 2, has 2 power, and has the abilities; As an additional cost to play Nimble Strike, you may banish a card named Nimblism from your graveyard. If you do, Nimble Strike gain +1{p} and **go again**."
Nimblism (Red),"Nimblism (Red) is a 'Generic Action' card from the 'Welcome to Rathe' set. It costs 0, pitches for 1, defends for 2, has None power, and has the abilities; The next attack action card with cost 1 or less you play this turn gains +3{p}.

**Go again**"
Nimblism (Yellow),"Nimblism (Yellow) is a 'Generic Action' card from the 'Welcome to Rathe' set. It costs 0, pitches for 2, defends for 2, has None power, and has the abilities; The next attack action card with cost 1 or less you play this turn gains +2{p}.

**Go again**"
Nimblism (Blue),"Nimblism (Blue) is a 'Generic Action' card from the 'Welcome to Rathe' set. It costs 0, pitches for 3, defends for 2, has None power, and has the abilities; The next attack action card with cost 1 or less you play this turn gains +1{p}.

**Go again**"
Open the Center (Red),"Open the Center (Red) is a 'Ninja Action – Attack' card from the 'Welcome to Rathe' set. It costs 2, pitches for 1, defends for 3, has 5 power, and has the abilities; **Combo** - If Head Jab was the last attack this combat chain, Open the Center gains +1{p}, **go again**, and **dominate**."
Open the Center (Yellow),"Open the Center (Yellow) is a 'Ninja Action – Attack' card from the 'Welcome to Rathe' set. It costs 2, pitches for 2, defends for 3, has 4 power, and has the abilities; **Combo** - If Head Jab was the last attack this combat chain, Open the Center gains +1{p}, **go again**, and **dominate**."
Open the Center (Blue),"Open the Center (Blue) is a 'Ninja Action – Attack' card from the 'Welcome to Rathe' set. It costs 2, pitches for 3, defends for 3, has 3 power, and has the abilities; **Combo** - If Head Jab was the last attack this combat chain, Open the Center gains +1{p}, **go again**, and **dominate**."
Overpower (Red),"Overpower (Red) is a 'Warrior Attack Reaction' card from the 'Welcome to Rathe' set. It costs 3, pitches for 1, defends for 3, has None power, and has the abilities; Target weapon attack gains +4{p}

**Reprise** - If the defending hero has defended with a card from their hand this chain link, instead it gains +6{p}."
Overpower (Yellow),"Overpower (Yellow) is a 'Warrior Attack Reaction' card from the 'Welcome to Rathe' set. It costs 3, pitches for 2, defends for 3, has None power, and has the abilities; Target weapon attack gains +3{p}

**Reprise** - If the defending hero has defended with a card from their hand this chain link, instead it gains +5{p}."
Overpower (Blue),"Overpower (Blue) is a 'Warrior Attack Reaction' card from the 'Welcome to Rathe' set. It costs 3, pitches for 3, defends for 3, has None power, and has the abilities; Target weapon attack gains +2{p}

**Reprise** - If the defending hero has defended with a card from their hand this chain link, instead it gains +4{p}."
Pack Hunt (Red),"Pack Hunt (Red) is a 'Brute Action – Attack' card from the 'Welcome to Rathe' set. It costs 2, pitches for 1, defends for 3, has 6 power, and has the abilities; When you attack with Pack Hunt, **intimidate**."
Pack Hunt (Yellow),"Pack Hunt (Yellow) is a 'Brute Action – Attack' card from the 'Welcome to Rathe' set. It costs 2, pitches for 2, defends for 3, has 5 power, and has the abilities; When you attack with Pack Hunt, **intimidate**."
Pack Hunt (Blue),"Pack Hunt (Blue) is a 'Brute Action – Attack' card from the 'Welcome to Rathe' set. It costs 2, pitches for 3, defends for 3, has 4 power, and has the abilities; When you attack with Pack Hunt, **intimidate**."
Potion of Strength,"Potion of Strength is a 'Generic Action – Item' card from the 'Welcome to Rathe' set. It costs 0, pitches for 3, defends for None, has None power, and has the abilities; **Action** - Destroy Potion of Strength: Your next attack this turn gains +2{p}. **Go again**"
Pounding Gale,"Pounding Gale is a 'Ninja Action – Attack' card from the 'Welcome to Rathe' set. It costs 1, pitches for 1, defends for 3, has 5 power, and has the abilities; **Combo** - If Open the Center was the last attack this combat chain, Pounding Gale gains ""If Pounding Gale would deal damage to a hero, instead it deals double that much damage"""
Primeval Bellow (Red),"Primeval Bellow (Red) is a 'Brute Action' card from the 'Welcome to Rathe' set. It costs 0, pitches for 1, defends for 3, has None power, and has the abilities; As an additional cost to play Primeval Bellow, discard a random card.

Your next Brute attack this turn gains +5{p}.

**Go again**"
Primeval Bellow (Yellow),"Primeval Bellow (Yellow) is a 'Brute Action' card from the 'Welcome to Rathe' set. It costs 0, pitches for 2, defends for 3, has None power, and has the abilities; As an additional cost to play Primeval Bellow, discard a random card.

Your next Brute attack this turn gains +4{p}.

**Go again**"
Primeval Bellow (Blue),"Primeval Bellow (Blue) is a 'Brute Action' card from the 'Welcome to Rathe' set. It costs 0, pitches for 3, defends for 3, has None power, and has the abilities; As an additional cost to play Primeval Bellow, discard a random card.

Your next Brute attack this turn gains +3{p}.

**Go again**"
Pummel (Red),"Pummel (Red) is a 'Generic Attack Reaction' card from the 'Welcome to Rathe' set. It costs 2, pitches for 1, defends for 2, has None power, and has the abilities; Choose 1;
- Target club or hammer weapon attack gains +4{p}.
- Target attack action with cost 2 or greater gains +4{p} and ""If this hits a hero, they discard a card."""
Pummel (Yellow),"Pummel (Yellow) is a 'Generic Attack Reaction' card from the 'Welcome to Rathe' set. It costs 2, pitches for 2, defends for 2, has None power, and has the abilities; Choose 1;
- Target club or hammer weapon attack gains +3{p}.
- Target attack action with cost 2 or greater gains +3{p} and ""If this hits a hero, they discard a card."""
Pummel (Blue),"Pummel (Blue) is a 'Generic Attack Reaction' card from the 'Welcome to Rathe' set. It costs 2, pitches for 3, defends for 2, has None power, and has the abilities; Choose 1;
- Target club or hammer weapon attack gains +2{p}.
- Target attack action with cost 2 or greater gains +2{p} and ""If this hits a hero, they discard a card."""
Quicken,"Quicken is a 'Generic Token – Aura' card from the 'Welcome to Rathe' set. It costs None, pitches for None, defends for None, has None power, and has the abilities; When you play an attack action card or activate a weapon attack, destroy Quicken and the attack gains **go again**."
Raging Onslaught (Red),"Raging Onslaught (Red) is a 'Generic Action – Attack' card from the 'Welcome to Rathe' set. It costs 3, pitches for 1, defends for 3, has 7 power, and has the abilities; None"
Raging Onslaught (Yellow),"Raging Onslaught (Yellow) is a 'Generic Action – Attack' card from the 'Welcome to Rathe' set. It costs 3, pitches for 2, defends for 3, has 6 power, and has the abilities; None"
Raging Onslaught (Blue),"Raging Onslaught (Blue) is a 'Generic Action – Attack' card from the 'Welcome to Rathe' set. It costs 3, pitches for 3, defends for 3, has 5 power, and has the abilities; None"
Razor Reflex (Red),"Razor Reflex (Red) is a 'Generic Attack Reaction' card from the 'Welcome to Rathe' set. It costs 1, pitches for 1, defends for 2, has None power, and has the abilities; Choose 1;
- Target sword or dagger weapon attack gains +3{p}.
- Target attack action card with cost 1 or less gains +3{p} and ""If this hits, this attack gains **go again**."""
Razor Reflex (Yellow),"Razor Reflex (Yellow) is a 'Generic Attack Reaction' card from the 'Welcome to Rathe' set. It costs 1, pitches for 2, defends for 2, has None power, and has the abilities; Choose 1;
- Target sword or dagger weapon attack gains +2{p}.
- Target attack action card with cost 1 or less gains +2{p} and ""If this hits, this attack gains **go again**."""
Razor Reflex (Blue),"Razor Reflex (Blue) is a 'Generic Attack Reaction' card from the 'Welcome to Rathe' set. It costs 1, pitches for 3, defends for 2, has None power, and has the abilities; Choose 1;
- Target sword or dagger weapon attack gains +1{p}.
- Target attack action card with cost 1 or less gains +1{p} and ""If this hits, this attack gains **go again**."""
Reckless Swing,"Reckless Swing is a 'Brute Defense Reaction' card from the 'Welcome to Rathe' set. It costs 0, pitches for 3, defends for 4, has None power, and has the abilities; As an additional cost to play Reckless Swing, discard a random card.

If the discarded card has 6 or more {p}, deal 2 damage to the attacking hero."
Refraction Bolters,"Refraction Bolters is a 'Warrior Equipment – Legs' card from the 'Welcome to Rathe' set. It defends for 1 and has the abilities; When a weapon you control hits, you may destroy Refraction Bolters. If you do, the attack gains **go again**.

**Battleworn**"
Regurgitating Slog (Red),"Regurgitating Slog (Red) is a 'Generic Action – Attack' card from the 'Welcome to Rathe' set. It costs 2, pitches for 1, defends for 2, has 6 power, and has the abilities; As an additional cost to play Regurgitating Slog, you may banish a card named Sloggism from your graveyard. If you do, Regurgitating Slog gains **dominate**."
Regurgitating Slog (Yellow),"Regurgitating Slog (Yellow) is a 'Generic Action – Attack' card from the 'Welcome to Rathe' set. It costs 2, pitches for 2, defends for 2, has 5 power, and has the abilities; As an additional cost to play Regurgitating Slog, you may banish a card named Sloggism from your graveyard. If you do, Regurgitating Slog gains **dominate**."
Regurgitating Slog (Blue),"Regurgitating Slog (Blue) is a 'Generic Action – Attack' card from the 'Welcome to Rathe' set. It costs 2, pitches for 3, defends for 2, has 4 power, and has the abilities; As an additional cost to play Regurgitating Slog, you may banish a card named Sloggism from your graveyard. If you do, Regurgitating Slog gains **dominate**."
Remembrance,"Remembrance is a 'Generic Instant' card from the 'Welcome to Rathe' set. It costs 0, pitches for 2, defends for None, has None power, and has the abilities; Shuffle up to 3 action cards from your graveyard into your deck.

Banish Remembrance."
Rhinar,"Rhinar is a 'Brute Hero – Young' card from the 'Welcome to Rathe' set. It costs None, pitches for None, defends for None, has None power, and has the abilities; Whenever you discard a card with 6 or more {p} during your action phase, **intimidate**."
"Rhinar, Reckless Rampage","Rhinar, Reckless Rampage is a 'Brute Hero' card from the 'Welcome to Rathe' set. It costs None, pitches for None, defends for None, has None power, and has the abilities; Whenever you discard a card with 6 or more {p} during your action phase, **intimidate**."
Rising Knee Thrust (Red),"Rising Knee Thrust (Red) is a 'Ninja Action – Attack' card from the 'Welcome to Rathe' set. It costs 0, pitches for 1, defends for 3, has 3 power, and has the abilities; **Combo** - If Leg Tap was the last attack this combat chain, Rising Knee Thrust gains +2{p} and **go again**."
Rising Knee Thrust (Yellow),"Rising Knee Thrust (Yellow) is a 'Ninja Action – Attack' card from the 'Welcome to Rathe' set. It costs 0, pitches for 2, defends for 3, has 2 power, and has the abilities; **Combo** - If Leg Tap was the last attack this combat chain, Rising Knee Thrust gains +2{p} and **go again**."
Rising Knee Thrust (Blue),"Rising Knee Thrust (Blue) is a 'Ninja Action – Attack' card from the 'Welcome to Rathe' set. It costs 0, pitches for 3, defends for 3, has 1 power, and has the abilities; **Combo** - If Leg Tap was the last attack this combat chain, Rising Knee Thrust gains +2{p} and **go again**."
Romping Club,"Romping Club is a 'Brute Weapon - Club (2H)' card from the 'Welcome to Rathe' set. It has 4 power and the abilities; **Once per Turn Action** - {r}{r}: **Attack**

**Once per Turn Effect** – When you discard a card with 6 or more {p}, Romping Club gains +1{p} until end of turn."
Rout,"Rout is a 'Warrior Attack Reaction' card from the 'Welcome to Rathe' set. It costs 2, pitches for 1, defends for 3, has None power, and has the abilities; Target weapon attack gains +3{p}.

**Reprise** - If the defending hero has defended with a card from their hand this chain link, you may return target non-equipment defending card to its owners hand."
Sand Sketched Plan,"Sand Sketched Plan is a 'Brute Action' card from the 'Welcome to Rathe' set. It costs 0, pitches for 3, defends for 3, has None power, and has the abilities; **Rhinar Specialization**

Search your deck for a card, put it into your hand, discard a random card, then shuffle your deck.

If the discarded card has 6 or more {p}, gain 2 action points."
Savage Feast (Red),"Savage Feast (Red) is a 'Brute Action – Attack' card from the 'Welcome to Rathe' set. It costs 1, pitches for 1, defends for 3, has 6 power, and has the abilities; As an additional cost to play Savage Feast discard a random card.

When you attack with Savage Feast, if a card with 6 or more {p} was discarded as an additional cost to play it, draw a card."
Savage Feast (Yellow),"Savage Feast (Yellow) is a 'Brute Action – Attack' card from the 'Welcome to Rathe' set. It costs 1, pitches for 2, defends for 3, has 5 power, and has the abilities; As an additional cost to play Savage Feast discard a random card.

When you attack with Savage Feast, if a card with 6 or more {p} was discarded as an additional cost to play it, draw a card."
Savage Feast (Blue),"Savage Feast (Blue) is a 'Brute Action – Attack' card from the 'Welcome to Rathe' set. It costs 1, pitches for 3, defends for 3, has 4 power, and has the abilities; As an additional cost to play Savage Feast discard a random card.

When you attack with Savage Feast, if a card with 6 or more {p} was discarded as an additional cost to play it, draw a card."
Savage Swing (Red),"Savage Swing (Red) is a 'Brute Action – Attack' card from the 'Welcome to Rathe' set. It costs 1, pitches for 1, defends for 3, has 7 power, and has the abilities; As an additional cost to play Savage Swing, discard a random card."
Savage Swing (Yellow),"Savage Swing (Yellow) is a 'Brute Action – Attack' card from the 'Welcome to Rathe' set. It costs 1, pitches for 2, defends for 3, has 6 power, and has the abilities; As an additional cost to play Savage Swing, discard a random card."
Savage Swing (Blue),"Savage Swing (Blue) is a 'Brute Action – Attack' card from the 'Welcome to Rathe' set. It costs 1, pitches for 3, defends for 3, has 5 power, and has the abilities; As an additional cost to play Savage Swing, discard a random card."
Scabskin Leathers,"Scabskin Leathers is a 'Brute Equipment - Legs' card from the 'Welcome to Rathe' set. It defends for 2 and has the abilities; **Once per turn Action** - 0: Roll a 6 sided die. Gain action points equal to half the number rolled, rounded down.

**Battleworn**"
Scar for a Scar (Red),"Scar for a Scar (Red) is a 'Generic Action – Attack' card from the 'Welcome to Rathe' set. It costs 0, pitches for 1, defends for 2, has 4 power, and has the abilities; When you play Scar for a Scar, if you have less {h} than an opposing hero, it gains **go again**."
Scar for a Scar (Yellow),"Scar for a Scar (Yellow) is a 'Generic Action – Attack' card from the 'Welcome to Rathe' set. It costs 0, pitches for 2, defends for 2, has 3 power, and has the abilities; When you play Scar for a Scar, if you have less {h} than an opposing hero, it gains **go again**."
Scar for a Scar (Blue),"Scar for a Scar (Blue) is a 'Generic Action – Attack' card from the 'Welcome to Rathe' set. It costs 0, pitches for 3, defends for 2, has 2 power, and has the abilities; When you play Scar for a Scar, if you have less {h} than an opposing hero, it gains **go again**."
Scour the Battlescape (Red),"Scour the Battlescape (Red) is a 'Generic Action – Attack' card from the 'Welcome to Rathe' set. It costs 0, pitches for 1, defends for 2, has 3 power, and has the abilities; You may put a card from your hand on the bottom of your deck. If you do, draw a card.

If Scour the Battlescape is played from arsenal, it gains **go again**."
Scour the Battlescape (Yellow),"Scour the Battlescape (Yellow) is a 'Generic Action – Attack' card from the 'Welcome to Rathe' set. It costs 0, pitches for 2, defends for 2, has 2 power, and has the abilities; You may put a card from your hand on the bottom of your deck. If you do, draw a card.

If Scour the Battlescape is played from arsenal, it gains **go again**."
Scour the Battlescape (Blue),"Scour the Battlescape (Blue) is a 'Generic Action – Attack' card from the 'Welcome to Rathe' set. It costs 0, pitches for 3, defends for 2, has 1 power, and has the abilities; You may put a card from your hand on the bottom of your deck. If you do, draw a card.

If Scour the Battlescape is played from arsenal, it gains **go again**."
Seismic Surge,"Seismic Surge is a 'Guardian Token – Aura' card from the 'Welcome to Rathe' set. It costs None, pitches for None, defends for None, has None power, and has the abilities; At the beginning of your action phase, destroy Seismic Surge then the next Guardian attack action card you play this turn costs {r} less to play."
Sharpen Steel (Red),"Sharpen Steel (Red) is a 'Warrior Action' card from the 'Welcome to Rathe' set. It costs 0, pitches for 1, defends for 3, has None power, and has the abilities; Your next weapon attack this turn gains +3{p}.

**Go again**"
Sharpen Steel (Yellow),"Sharpen Steel (Yellow) is a 'Warrior Action' card from the 'Welcome to Rathe' set. It costs 0, pitches for 2, defends for 3, has None power, and has the abilities; Your next weapon attack this turn gains +2{p}.

**Go again**"
Sharpen Steel (Blue),"Sharpen Steel (Blue) is a 'Warrior Action' card from the 'Welcome to Rathe' set. It costs 0, pitches for 3, defends for 3, has None power, and has the abilities; Your next weapon attack this turn gains +1{p}.

**Go again**"
Show Time!,"Show Time! is a 'Guardian Action – Aura' card from the 'Welcome to Rathe' set. It costs 3, pitches for 3, defends for 3, has None power, and has the abilities; **Bravo Specialization**

When Show Time! enters the arena, search your deck for a Guardian attack action card, reveal it and put it into your hand, then shuffle your deck.

At the beginning of your action phase, destroy Show Time! then draw a card."
Sigil of Solace (Red),"Sigil of Solace (Red) is a 'Generic Instant' card from the 'Welcome to Rathe' set. It costs 0, pitches for 1, defends for None, has None power, and has the abilities; Gain 3{h}"
Sigil of Solace (Yellow),"Sigil of Solace (Yellow) is a 'Generic Instant' card from the 'Welcome to Rathe' set. It costs 0, pitches for 2, defends for None, has None power, and has the abilities; Gain 2{h}"
Sigil of Solace (Blue),"Sigil of Solace (Blue) is a 'Generic Instant' card from the 'Welcome to Rathe' set. It costs 0, pitches for 3, defends for None, has None power, and has the abilities; Gain 1{h}"
Singing Steelblade,"Singing Steelblade is a 'Warrior Attack Reaction' card from the 'Welcome to Rathe' set. It costs 1, pitches for 2, defends for 3, has None power, and has the abilities; **Dorinthea Specialization**

Target weapon attack gains +1{p}.

**Reprise** - If the defending hero has defended with a card from hand this chain link, search your deck for an attack reaction card, banish it face up, then shuffle your deck. You may play it this chain link."
Sink Below (Red),"Sink Below (Red) is a 'Generic Defense Reaction' card from the 'Welcome to Rathe' set. It costs 0, pitches for 1, defends for 4, has None power, and has the abilities; You may put a card from your hand on the bottom of your deck. If you do, draw a card."
Sink Below (Yellow),"Sink Below (Yellow) is a 'Generic Defense Reaction' card from the 'Welcome to Rathe' set. It costs 0, pitches for 2, defends for 3, has None power, and has the abilities; You may put a card from your hand on the bottom of your deck. If you do, draw a card."
Sink Below (Blue),"Sink Below (Blue) is a 'Generic Defense Reaction' card from the 'Welcome to Rathe' set. It costs 0, pitches for 3, defends for 2, has None power, and has the abilities; You may put a card from your hand on the bottom of your deck. If you do, draw a card."
Sloggism (Red),"Sloggism (Red) is a 'Generic Action' card from the 'Welcome to Rathe' set. It costs 3, pitches for 1, defends for 2, has None power, and has the abilities; The next attack action card with cost 2 or greater you play this turn gains +6{p}.

**Go again**"
Sloggism (Yellow),"Sloggism (Yellow) is a 'Generic Action' card from the 'Welcome to Rathe' set. It costs 3, pitches for 2, defends for 2, has None power, and has the abilities; The next attack action card with cost 2 or greater you play this turn gains +5{p}.

**Go again**"
Sloggism (Blue),"Sloggism (Blue) is a 'Generic Action' card from the 'Welcome to Rathe' set. It costs 3, pitches for 3, defends for 2, has None power, and has the abilities; The next attack action card with cost 2 or greater you play this turn gains +4{p}.

**Go again**"
Smash Instinct (Red),"Smash Instinct (Red) is a 'Brute Action – Attack' card from the 'Welcome to Rathe' set. It costs 3, pitches for 1, defends for 3, has 7 power, and has the abilities; When you attack with Smash Instinct, **intimidate**."
Smash Instinct (Yellow),"Smash Instinct (Yellow) is a 'Brute Action – Attack' card from the 'Welcome to Rathe' set. It costs 3, pitches for 2, defends for 3, has 6 power, and has the abilities; When you attack with Smash Instinct, **intimidate**."
Smash Instinct (Blue),"Smash Instinct (Blue) is a 'Brute Action – Attack' card from the 'Welcome to Rathe' set. It costs 3, pitches for 3, defends for 3, has 5 power, and has the abilities; When you attack with Smash Instinct, **intimidate**."
Snapdragon Scalers,Snapdragon Scalers is a 'Generic Equipment – Legs' card from the 'Welcome to Rathe' set. It defends for 0 and has the abilities; **Attack Reaction** - Destroy Snapdragon Scalers: Target attack action card with cost 1 or less gains **go again**.
Snatch (Red),"Snatch (Red) is a 'Generic Action – Attack' card from the 'Welcome to Rathe' set. It costs 0, pitches for 1, defends for 2, has 4 power, and has the abilities; If Snatch hits, draw a card."
Snatch (Yellow),"Snatch (Yellow) is a 'Generic Action – Attack' card from the 'Welcome to Rathe' set. It costs 0, pitches for 2, defends for 2, has 3 power, and has the abilities; If Snatch hits, draw a card."
Snatch (Blue),"Snatch (Blue) is a 'Generic Action – Attack' card from the 'Welcome to Rathe' set. It costs 0, pitches for 3, defends for 2, has 2 power, and has the abilities; If Snatch hits, draw a card."
Spinal Crush,"Spinal Crush is a 'Guardian Action – Attack' card from the 'Welcome to Rathe' set. It costs 5, pitches for 1, defends for 3, has 9 power, and has the abilities; **Crush** - If Spinal Crush deals 4 or more damage to a hero, action cards, activated abilities, and attacks they control lose and can't gain **go again** during their next action phase."
Staunch Response (Red),"Staunch Response (Red) is a 'Guardian Defense Reaction' card from the 'Welcome to Rathe' set. It costs 2, pitches for 1, defends for 7, has None power, and has the abilities; As an additional cost to play Staunch Response you may pay {r}{r}{r}{r}. If you do, Staunch Response gains +3{d}."
Staunch Response (Yellow),"Staunch Response (Yellow) is a 'Guardian Defense Reaction' card from the 'Welcome to Rathe' set. It costs 2, pitches for 2, defends for 6, has None power, and has the abilities; As an additional cost to play Staunch Response you may pay {r}{r}{r}{r}. If you do, Staunch Response gains +3{d}."
Staunch Response (Blue),"Staunch Response (Blue) is a 'Guardian Defense Reaction' card from the 'Welcome to Rathe' set. It costs 2, pitches for 3, defends for 5, has None power, and has the abilities; As an additional cost to play Staunch Response you may pay {r}{r}{r}{r}. If you do, Staunch Response gains +3{d}."
Steelblade Shunt (Red),"Steelblade Shunt (Red) is a 'Warrior Defense Reaction' card from the 'Welcome to Rathe' set. It costs 1, pitches for 1, defends for 6, has None power, and has the abilities; If Steelblade Shunt defends a weapon attack, deal 1 damage to the attacking hero."
Steelblade Shunt (Yellow),"Steelblade Shunt (Yellow) is a 'Warrior Defense Reaction' card from the 'Welcome to Rathe' set. It costs 1, pitches for 2, defends for 5, has None power, and has the abilities; If Steelblade Shunt defends a weapon attack, deal 1 damage to the attacking hero."
Steelblade Shunt (Blue),"Steelblade Shunt (Blue) is a 'Warrior Defense Reaction' card from the 'Welcome to Rathe' set. It costs 1, pitches for 3, defends for 4, has None power, and has the abilities; If Steelblade Shunt defends a weapon attack, deal 1 damage to the attacking hero."
Steelblade Supremacy,"Steelblade Supremacy is a 'Warrior Action' card from the 'Welcome to Rathe' set. It costs 1, pitches for 1, defends for 3, has None power, and has the abilities; **Dorinthea Specialization**

Until end of turn, target weapon gains +2{p} and ""Whenever this weapon hits, draw a card.""

**Go again**"
Stonewall Confidence (Red),"Stonewall Confidence (Red) is a 'Guardian Action – Aura' card from the 'Welcome to Rathe' set. It costs 2, pitches for 1, defends for 3, has None power, and has the abilities; **Go again**

Cards you control with cost 3 or greater gain +4{d} while defending.

At the beginning of your action phase, destroy Stonewall Confidence."
Stonewall Confidence (Yellow),"Stonewall Confidence (Yellow) is a 'Guardian Action – Aura' card from the 'Welcome to Rathe' set. It costs 2, pitches for 2, defends for 3, has None power, and has the abilities; **Go again**

Cards you control with cost 3 or greater gain +3{d} while defending.

At the beginning of your action phase, destroy Stonewall Confidence."
Stonewall Confidence (Blue),"Stonewall Confidence (Blue) is a 'Guardian Action – Aura' card from the 'Welcome to Rathe' set. It costs 2, pitches for 3, defends for 3, has None power, and has the abilities; **Go again**

Cards you control with cost 3 or greater gain +2{d} while defending.

At the beginning of your action phase, destroy Stonewall Confidence."
Stroke of Foresight (Red),"Stroke of Foresight (Red) is a 'Warrior Attack Reaction' card from the 'Welcome to Rathe' set. It costs 1, pitches for 1, defends for 3, has None power, and has the abilities; Target weapon attack gains +3{p}.

**Reprise** - If the defending hero has defended with a card from their hand this chain link, draw a card, then put a card from your hand on the top or bottom of your deck."
Stroke of Foresight (Yellow),"Stroke of Foresight (Yellow) is a 'Warrior Attack Reaction' card from the 'Welcome to Rathe' set. It costs 1, pitches for 2, defends for 3, has None power, and has the abilities; Target weapon attack gains +2{p}.

**Reprise** - If the defending hero has defended with a card from their hand this chain link, draw a card, then put a card from your hand on the top or bottom of your deck."
Stroke of Foresight (Blue),"Stroke of Foresight (Blue) is a 'Warrior Attack Reaction' card from the 'Welcome to Rathe' set. It costs 1, pitches for 3, defends for 3, has None power, and has the abilities; Target weapon attack gains +1{p}.

**Reprise** - If the defending hero has defended with a card from their hand this chain link, draw a card, then put a card from your hand on the top or bottom of your deck."
Surging Strike (Red),"Surging Strike (Red) is a 'Ninja Action – Attack' card from the 'Welcome to Rathe' set. It costs 2, pitches for 1, defends for 2, has 5 power, and has the abilities; **Go again**"
Surging Strike (Yellow),"Surging Strike (Yellow) is a 'Ninja Action – Attack' card from the 'Welcome to Rathe' set. It costs 2, pitches for 2, defends for 2, has 4 power, and has the abilities; **Go again**"
Surging Strike (Blue),"Surging Strike (Blue) is a 'Ninja Action – Attack' card from the 'Welcome to Rathe' set. It costs 2, pitches for 3, defends for 2, has 3 power, and has the abilities; **Go again**"
Tectonic Plating,"Tectonic Plating is a 'Guardian Equipment – Chest' card from the 'Welcome to Rathe' set. It defends for 2 and has the abilities; **Once per turn Action** - {r}: Create a Seismic Surge aura token. **Go again**

**Battleworn**"
Timesnap Potion,"Timesnap Potion is a 'Generic Action – Item' card from the 'Welcome to Rathe' set. It costs 0, pitches for 3, defends for None, has None power, and has the abilities; **Action** - Destroy Timesnap Potion: Gain 2 action points."
Tome of Fyendal,"Tome of Fyendal is a 'Generic Action' card from the 'Welcome to Rathe' set. It costs 1, pitches for 2, defends for 2, has None power, and has the abilities; Draw 2 cards.

If Tome of Fyendal is played from arsenal, gain 1{h} for each card in your hand."
Unmovable (Red),"Unmovable (Red) is a 'Generic Defense Reaction' card from the 'Welcome to Rathe' set. It costs 3, pitches for 1, defends for 7, has None power, and has the abilities; If Unmovable is played from arsenal, it gains +1{d}."
Unmovable (Yellow),"Unmovable (Yellow) is a 'Generic Defense Reaction' card from the 'Welcome to Rathe' set. It costs 3, pitches for 2, defends for 6, has None power, and has the abilities; If Unmovable is played from arsenal, it gains +1{d}."
Unmovable (Blue),"Unmovable (Blue) is a 'Generic Defense Reaction' card from the 'Welcome to Rathe' set. It costs 3, pitches for 3, defends for 5, has None power, and has the abilities; If Unmovable is played from arsenal, it gains +1{d}."
Warrior's Valor (Red),"Warrior's Valor (Red) is a 'Warrior Action' card from the 'Welcome to Rathe' set. It costs 1, pitches for 1, defends for 3, has None power, and has the abilities; Your next weapon attack this turn gains +3{p} and ""If this hits, the attack gains **go again**.""

**Go again**"
Warrior's Valor (Yellow),"Warrior's Valor (Yellow) is a 'Warrior Action' card from the 'Welcome to Rathe' set. It costs 1, pitches for 2, defends for 3, has None power, and has the abilities; Your next weapon attack this turn gains +2{p} and ""If this hits, the attack gains **go again**.""

**Go again**"
Warrior's Valor (Blue),"Warrior's Valor (Blue) is a 'Warrior Action' card from the 'Welcome to Rathe' set. It costs 1, pitches for 3, defends for 3, has None power, and has the abilities; Your next weapon attack this turn gains +1{p} and ""If this hits, the attack gains **go again**.""

**Go again**"
Whelming Gustwave (Red),"Whelming Gustwave (Red) is a 'Ninja Action – Attack' card from the 'Welcome to Rathe' set. It costs 0, pitches for 1, defends for 3, has 3 power, and has the abilities; **Combo** - If Surging Strike was the last attack this combat chain, Whelming Gustwave gains +1{p}, **go again**, and ""If this hits, draw a card."""
Whelming Gustwave (Yellow),"Whelming Gustwave (Yellow) is a 'Ninja Action – Attack' card from the 'Welcome to Rathe' set. It costs 0, pitches for 2, defends for 3, has 2 power, and has the abilities; **Combo** - If Surging Strike was the last attack this combat chain, Whelming Gustwave gains +1{p}, **go again**, and ""If this hits, draw a card."""
Whelming Gustwave (Blue),"Whelming Gustwave (Blue) is a 'Ninja Action – Attack' card from the 'Welcome to Rathe' set. It costs 0, pitches for 3, defends for 3, has 1 power, and has the abilities; **Combo** - If Surging Strike was the last attack this combat chain, Whelming Gustwave gains +1{p}, **go again**, and ""If this hits, draw a card."""
Wounded Bull (Red),"Wounded Bull (Red) is a 'Generic Action – Attack' card from the 'Welcome to Rathe' set. It costs 3, pitches for 1, defends for 2, has 7 power, and has the abilities; When you play Wounded Bull, if you have less {h} than an opposing hero, it gains +1{p}."
Wounded Bull (Yellow),"Wounded Bull (Yellow) is a 'Generic Action – Attack' card from the 'Welcome to Rathe' set. It costs 3, pitches for 2, defends for 2, has 6 power, and has the abilities; When you play Wounded Bull, if you have less {h} than an opposing hero, it gains +1{p}."
Wounded Bull (Blue),"Wounded Bull (Blue) is a 'Generic Action – Attack' card from the 'Welcome to Rathe' set. It costs 3, pitches for 3, defends for 2, has 5 power, and has the abilities; When you play Wounded Bull, if you have less {h} than an opposing hero, it gains +1{p}."
Wounding Blow (Red),"Wounding Blow (Red) is a 'Generic Action – Attack' card from the 'Welcome to Rathe' set. It costs 0, pitches for 1, defends for 3, has 4 power, and has the abilities; None"
Wounding Blow (Yellow),"Wounding Blow (Yellow) is a 'Generic Action – Attack' card from the 'Welcome to Rathe' set. It costs 0, pitches for 2, defends for 3, has 3 power, and has the abilities; None"
Wounding Blow (Blue),"Wounding Blow (Blue) is a 'Generic Action – Attack' card from the 'Welcome to Rathe' set. It costs 0, pitches for 3, defends for 3, has 2 power, and has the abilities; None"
Wrecker Romp (Red),"Wrecker Romp (Red) is a 'Brute Action – Attack' card from the 'Welcome to Rathe' set. It costs 2, pitches for 1, defends for 3, has 8 power, and has the abilities; As an additional cost to play Wrecker Romp. Discard a random card."
Wrecker Romp (Yellow),"Wrecker Romp (Yellow) is a 'Brute Action – Attack' card from the 'Welcome to Rathe' set. It costs 2, pitches for 2, defends for 3, has 7 power, and has the abilities; As an additional cost to play Wrecker Romp. Discard a random card."
Wrecker Romp (Blue),"Wrecker Romp (Blue) is a 'Brute Action – Attack' card from the 'Welcome to Rathe' set. It costs 2, pitches for 3, defends for 3, has 6 power, and has the abilities; As an additional cost to play Wrecker Romp. Discard a random card."
