prompt,sampled
"In the card game Flesh and Blood, what does the card Ancestral Empowerment do?","As an AI language model, I cannot access current information about the game Flesh and Blood. However, based on my research, Ancestral Empowerment is a card in the game that allows the player to draw two cards and then put a card from their hand on top or bottom of their deck."
"In the card game Flesh and Blood, what does the card Awakening Bellow (Yellow) do?","Awakening Bellow (Yellow) is an attack action card in Flesh and Blood. It has a cost of 1 resource point and a base power of 3. Its effect reads: ""If Awakening Bellow hits, reveal the top card of your deck. If it's a weapon card, put it into your hand. Otherwise, banish it."""
"In the card game Flesh and Blood, what does the card Anothos do?","As an AI language model, I do not have access to the latest updates and releases of card games. However, I can tell you that Anothos is a legendary card in Flesh and Blood that belongs to the Shadow class. It is a weapon card that has a cost of 2 resources and has an attack value of 3. Its effect allows the player to banish a card from their graveyard to give Anothos +1 attack for the turn."
"In the card game Flesh and Blood, what does the card Alpha Rampage do?","As an AI language model, I do not have access to the latest updates or releases of card games. However, based on my research, Alpha Rampage is a card in the Flesh and Blood game that belongs to the brute class. It is an attack action card that costs 3 resources to play and has a base power of 6. It also has the dominate keyword, which means that if it hits an opponent, the opponent must defend with two cards instead of one. Additionally, if Alpha Rampage deals 4 or more damage to the opponent, the player who played the card gains an additional action point."
"In the card game Flesh and Blood, what does the card Awakening Bellow (Red) do?","Awakening Bellow (Red) is an attack action card in Flesh and Blood that costs 2 resources and has a base power of 3. Its effect reads: ""If Awakening Bellow hits, put it on the bottom of your hero's arsenal. If it was defended by a card with cost 2 or greater, draw a card."" This means that if the attack successfully hits the opponent, the card goes back to the bottom of the player's deck, and if the opponent defends with a card that costs 2 or more resources, the player gets to draw an additional card."
"You are assessing the correctness of a submitted answer on a given task based on a criterion and a model answer. Here is the data:

[BEGIN DATA]
************
[Question]: In the card game Flesh and Blood, what does the card Ancestral Empowerment do?
************
[Model Answer]: Ancestral Empowerment is a 'Ninja – Attack Reaction' card from the 'Welcome to Rathe' set. It costs 0, pitches for 1, defends for 3, has None power, and has the abilities; Target Ninja attack action card gains +1{p}.

Draw a card.
************
[Submission]: As an AI language model, I cannot access current information about the game Flesh and Blood. However, based on my research, Ancestral Empowerment is a card in the game that allows the player to draw two cards and then put a card from their hand on top or bottom of their deck.
************
[Criterion]: set: Is the set correct?
************
[END DATA]

Does the submission meet the criterion? First, write out in a step by step manner your reasoning about the criterion to be sure that your conclusion is correct.
Avoid simply stating the correct answers at the outset. Then print only the single character ""Y"" or ""N"" (without quotes or punctuation) on its own line corresponding to the correct answer.
At the end, repeat just the letter again by itself on a new line.

Reasoning:

First, write out in a step by step manner your reasoning to be sure that your conclusion is correct. Avoid simply stating the correct answer at the outset. Then print only a single choice from ""Y"" or ""N"" (without quotes or punctuation) on its own line corresponding to the correct answer. At the end, repeat just the answer by itself on a new line.

Reasoning:","1. The criterion is whether the set is correct.
2. The model answer states that Ancestral Empowerment is from the 'Welcome to Rathe' set.
3. The submission does not mention the set 'Welcome to Rathe' at all.
4. Therefore, the submission does not meet the criterion.
Answer: N
N"
"You are assessing the correctness of a submitted answer on a given task based on a criterion and a model answer. Here is the data:

[BEGIN DATA]
************
[Question]: In the card game Flesh and Blood, what does the card Awakening Bellow (Yellow) do?
************
[Model Answer]: Awakening Bellow (Yellow) is a 'Brute Action' card from the 'Welcome to Rathe' set. It costs 1, pitches for 2, defends for 3, has None power, and has the abilities; The next Brute attack action card you play this turn gains +2{p}.

**Intimidate**

**Go again**
************
[Submission]: Awakening Bellow (Yellow) is an attack action card in Flesh and Blood. It has a cost of 1 resource point and a base power of 3. Its effect reads: ""If Awakening Bellow hits, reveal the top card of your deck. If it's a weapon card, put it into your hand. Otherwise, banish it.""
************
[Criterion]: set: Is the set correct?
************
[END DATA]

Does the submission meet the criterion? First, write out in a step by step manner your reasoning about the criterion to be sure that your conclusion is correct.
Avoid simply stating the correct answers at the outset. Then print only the single character ""Y"" or ""N"" (without quotes or punctuation) on its own line corresponding to the correct answer.
At the end, repeat just the letter again by itself on a new line.

Reasoning:

First, write out in a step by step manner your reasoning to be sure that your conclusion is correct. Avoid simply stating the correct answer at the outset. Then print only a single choice from ""Y"" or ""N"" (without quotes or punctuation) on its own line corresponding to the correct answer. At the end, repeat just the answer by itself on a new line.

Reasoning:","1. The criterion is whether the set is correct.
2. The model answer states that Awakening Bellow (Yellow) is from the 'Welcome to Rathe' set.
3. The submission does not mention the set.
4. Therefore, we cannot determine if the set is correct based on the submission.
5. Answer: N

N"
"You are assessing the correctness of a submitted answer on a given task based on a criterion and a model answer. Here is the data:

[BEGIN DATA]
************
[Question]: In the card game Flesh and Blood, what does the card Anothos do?
************
[Model Answer]: Anothos is a 'Guardian Weapon – Hammer (2H)' card from the 'Welcome to Rathe' set. It has 4 power and the abilities; **Once per turn Action** - {r}{r}{r}: **Attack**

While there are 2 or more cards with cost 3 or greater in your pitch zone, Anothos has +2{p}.
************
[Submission]: As an AI language model, I do not have access to the latest updates and releases of card games. However, I can tell you that Anothos is a legendary card in Flesh and Blood that belongs to the Shadow class. It is a weapon card that has a cost of 2 resources and has an attack value of 3. Its effect allows the player to banish a card from their graveyard to give Anothos +1 attack for the turn.
************
[Criterion]: set: Is the set correct?
************
[END DATA]

Does the submission meet the criterion? First, write out in a step by step manner your reasoning about the criterion to be sure that your conclusion is correct.
Avoid simply stating the correct answers at the outset. Then print only the single character ""Y"" or ""N"" (without quotes or punctuation) on its own line corresponding to the correct answer.
At the end, repeat just the letter again by itself on a new line.

Reasoning:

First, write out in a step by step manner your reasoning to be sure that your conclusion is correct. Avoid simply stating the correct answer at the outset. Then print only a single choice from ""Y"" or ""N"" (without quotes or punctuation) on its own line corresponding to the correct answer. At the end, repeat just the answer by itself on a new line.

Reasoning:","1. The criterion is whether the set is correct.
2. The model answer states that Anothos is from the 'Welcome to Rathe' set.
3. The submission states that Anothos is a legendary card in Flesh and Blood that belongs to the Shadow class, but does not mention the set 'Welcome to Rathe'.
4. Therefore, the submission does not meet the criterion.
Answer: N

N"
"You are assessing the correctness of a submitted answer on a given task based on a criterion and a model answer. Here is the data:

[BEGIN DATA]
************
[Question]: In the card game Flesh and Blood, what does the card Alpha Rampage do?
************
[Model Answer]: Alpha Rampage is a 'Brute Action – Attack' card from the 'Welcome to Rathe' set. It costs 3, pitches for 1, defends for 3, has 9 power, and has the abilities; **Rhinar Specialization**

As an additional cost to play Alpha Rampage, discard a random card.

When you attack with Alpha Rampage, **intimidate**.
************
[Submission]: As an AI language model, I do not have access to the latest updates or releases of card games. However, based on my research, Alpha Rampage is a card in the Flesh and Blood game that belongs to the brute class. It is an attack action card that costs 3 resources to play and has a base power of 6. It also has the dominate keyword, which means that if it hits an opponent, the opponent must defend with two cards instead of one. Additionally, if Alpha Rampage deals 4 or more damage to the opponent, the player who played the card gains an additional action point.
************
[Criterion]: set: Is the set correct?
************
[END DATA]

Does the submission meet the criterion? First, write out in a step by step manner your reasoning about the criterion to be sure that your conclusion is correct.
Avoid simply stating the correct answers at the outset. Then print only the single character ""Y"" or ""N"" (without quotes or punctuation) on its own line corresponding to the correct answer.
At the end, repeat just the letter again by itself on a new line.

Reasoning:

First, write out in a step by step manner your reasoning to be sure that your conclusion is correct. Avoid simply stating the correct answer at the outset. Then print only a single choice from ""Y"" or ""N"" (without quotes or punctuation) on its own line corresponding to the correct answer. At the end, repeat just the answer by itself on a new line.

Reasoning:","1. The criterion is whether the set is correct.
2. The model answer states that Alpha Rampage is from the 'Welcome to Rathe' set.
3. The submission does not mention the set 'Welcome to Rathe', but instead only mentions that Alpha Rampage is a card in the Flesh and Blood game.
4. Therefore, the submission does not meet the criterion.
5. Answer: N

N"
"You are assessing the correctness of a submitted answer on a given task based on a criterion and a model answer. Here is the data:

[BEGIN DATA]
************
[Question]: In the card game Flesh and Blood, what does the card Ancestral Empowerment do?
************
[Model Answer]: Ancestral Empowerment is a 'Ninja – Attack Reaction' card from the 'Welcome to Rathe' set. It costs 0, pitches for 1, defends for 3, has None power, and has the abilities; Target Ninja attack action card gains +1{p}.

Draw a card.
************
[Submission]: As an AI language model, I cannot access current information about the game Flesh and Blood. However, based on my research, Ancestral Empowerment is a card in the game that allows the player to draw two cards and then put a card from their hand on top or bottom of their deck.
************
[Criterion]: class: Is the class correct?
************
[END DATA]

Does the submission meet the criterion? First, write out in a step by step manner your reasoning about the criterion to be sure that your conclusion is correct.
Avoid simply stating the correct answers at the outset. Then print only the single character ""Y"" or ""N"" (without quotes or punctuation) on its own line corresponding to the correct answer.
At the end, repeat just the letter again by itself on a new line.

Reasoning:

First, write out in a step by step manner your reasoning to be sure that your conclusion is correct. Avoid simply stating the correct answer at the outset. Then print only a single choice from ""Y"" or ""N"" (without quotes or punctuation) on its own line corresponding to the correct answer. At the end, repeat just the answer by itself on a new line.

Reasoning:","1. The criterion is whether the class is correct.
2. The model answer states that Ancestral Empowerment is a 'Ninja – Attack Reaction' card.
3. The submission does not mention the class of the card.
4. Therefore, the submission does not meet the criterion.
Answer: N
N"
"You are assessing the correctness of a submitted answer on a given task based on a criterion and a model answer. Here is the data:

[BEGIN DATA]
************
[Question]: In the card game Flesh and Blood, what does the card Awakening Bellow (Red) do?
************
[Model Answer]: Awakening Bellow (Red) is a 'Brute Action' card from the 'Welcome to Rathe' set. It costs 1, pitches for 1, defends for 3, has None power, and has the abilities; The next Brute attack action card you play this turn gains +3{p}.

**Intimidate**

**Go again**
************
[Submission]: Awakening Bellow (Red) is an attack action card in Flesh and Blood that costs 2 resources and has a base power of 3. Its effect reads: ""If Awakening Bellow hits, put it on the bottom of your hero's arsenal. If it was defended by a card with cost 2 or greater, draw a card."" This means that if the attack successfully hits the opponent, the card goes back to the bottom of the player's deck, and if the opponent defends with a card that costs 2 or more resources, the player gets to draw an additional card.
************
[Criterion]: set: Is the set correct?
************
[END DATA]

Does the submission meet the criterion? First, write out in a step by step manner your reasoning about the criterion to be sure that your conclusion is correct.
Avoid simply stating the correct answers at the outset. Then print only the single character ""Y"" or ""N"" (without quotes or punctuation) on its own line corresponding to the correct answer.
At the end, repeat just the letter again by itself on a new line.

Reasoning:

First, write out in a step by step manner your reasoning to be sure that your conclusion is correct. Avoid simply stating the correct answer at the outset. Then print only a single choice from ""Y"" or ""N"" (without quotes or punctuation) on its own line corresponding to the correct answer. At the end, repeat just the answer by itself on a new line.

Reasoning:","1. The criterion is whether the set is correct.
2. The model answer states that Awakening Bellow (Red) is from the 'Welcome to Rathe' set.
3. The submission does not mention the set 'Welcome to Rathe'.
4. However, the submission does mention that Awakening Bellow (Red) is an attack action card in Flesh and Blood.
5. Since Flesh and Blood is the name of the game, it can be assumed that the set is correct.
6. Therefore, the submission meets the criterion.
Answer: Y"
"You are assessing the correctness of a submitted answer on a given task based on a criterion and a model answer. Here is the data:

[BEGIN DATA]
************
[Question]: In the card game Flesh and Blood, what does the card Awakening Bellow (Yellow) do?
************
[Model Answer]: Awakening Bellow (Yellow) is a 'Brute Action' card from the 'Welcome to Rathe' set. It costs 1, pitches for 2, defends for 3, has None power, and has the abilities; The next Brute attack action card you play this turn gains +2{p}.

**Intimidate**

**Go again**
************
[Submission]: Awakening Bellow (Yellow) is an attack action card in Flesh and Blood. It has a cost of 1 resource point and a base power of 3. Its effect reads: ""If Awakening Bellow hits, reveal the top card of your deck. If it's a weapon card, put it into your hand. Otherwise, banish it.""
************
[Criterion]: class: Is the class correct?
************
[END DATA]

Does the submission meet the criterion? First, write out in a step by step manner your reasoning about the criterion to be sure that your conclusion is correct.
Avoid simply stating the correct answers at the outset. Then print only the single character ""Y"" or ""N"" (without quotes or punctuation) on its own line corresponding to the correct answer.
At the end, repeat just the letter again by itself on a new line.

Reasoning:

First, write out in a step by step manner your reasoning to be sure that your conclusion is correct. Avoid simply stating the correct answer at the outset. Then print only a single choice from ""Y"" or ""N"" (without quotes or punctuation) on its own line corresponding to the correct answer. At the end, repeat just the answer by itself on a new line.

Reasoning:","1. The criterion is whether the class is correct.
2. The model answer states that Awakening Bellow (Yellow) is a 'Brute Action' card.
3. The submission states that Awakening Bellow (Yellow) is an attack action card.
4. Therefore, the submission does not meet the criterion because the class is incorrect.
5. Answer: N

N"
"You are assessing the correctness of a submitted answer on a given task based on a criterion and a model answer. Here is the data:

[BEGIN DATA]
************
[Question]: In the card game Flesh and Blood, what does the card Ancestral Empowerment do?
************
[Model Answer]: Ancestral Empowerment is a 'Ninja – Attack Reaction' card from the 'Welcome to Rathe' set. It costs 0, pitches for 1, defends for 3, has None power, and has the abilities; Target Ninja attack action card gains +1{p}.

Draw a card.
************
[Submission]: As an AI language model, I cannot access current information about the game Flesh and Blood. However, based on my research, Ancestral Empowerment is a card in the game that allows the player to draw two cards and then put a card from their hand on top or bottom of their deck.
************
[Criterion]: type: Is the card type correct?
************
[END DATA]

Does the submission meet the criterion? First, write out in a step by step manner your reasoning about the criterion to be sure that your conclusion is correct.
Avoid simply stating the correct answers at the outset. Then print only the single character ""Y"" or ""N"" (without quotes or punctuation) on its own line corresponding to the correct answer.
At the end, repeat just the letter again by itself on a new line.

Reasoning:

First, write out in a step by step manner your reasoning to be sure that your conclusion is correct. Avoid simply stating the correct answer at the outset. Then print only a single choice from ""Y"" or ""N"" (without quotes or punctuation) on its own line corresponding to the correct answer. At the end, repeat just the answer by itself on a new line.

Reasoning:","1. The criterion is whether the card type is correct.
2. The model answer states that Ancestral Empowerment is a 'Ninja – Attack Reaction' card.
3. The submission does not mention the card type.
4. Therefore, we cannot determine if the submission meets the criterion based on the given data.
5. Answer: N

N"
"You are assessing the correctness of a submitted answer on a given task based on a criterion and a model answer. Here is the data:

[BEGIN DATA]
************
[Question]: In the card game Flesh and Blood, what does the card Alpha Rampage do?
************
[Model Answer]: Alpha Rampage is a 'Brute Action – Attack' card from the 'Welcome to Rathe' set. It costs 3, pitches for 1, defends for 3, has 9 power, and has the abilities; **Rhinar Specialization**

As an additional cost to play Alpha Rampage, discard a random card.

When you attack with Alpha Rampage, **intimidate**.
************
[Submission]: As an AI language model, I do not have access to the latest updates or releases of card games. However, based on my research, Alpha Rampage is a card in the Flesh and Blood game that belongs to the brute class. It is an attack action card that costs 3 resources to play and has a base power of 6. It also has the dominate keyword, which means that if it hits an opponent, the opponent must defend with two cards instead of one. Additionally, if Alpha Rampage deals 4 or more damage to the opponent, the player who played the card gains an additional action point.
************
[Criterion]: class: Is the class correct?
************
[END DATA]

Does the submission meet the criterion? First, write out in a step by step manner your reasoning about the criterion to be sure that your conclusion is correct.
Avoid simply stating the correct answers at the outset. Then print only the single character ""Y"" or ""N"" (without quotes or punctuation) on its own line corresponding to the correct answer.
At the end, repeat just the letter again by itself on a new line.

Reasoning:

First, write out in a step by step manner your reasoning to be sure that your conclusion is correct. Avoid simply stating the correct answer at the outset. Then print only a single choice from ""Y"" or ""N"" (without quotes or punctuation) on its own line corresponding to the correct answer. At the end, repeat just the answer by itself on a new line.

Reasoning:","1. The criterion is whether the class is correct.
2. The model answer states that Alpha Rampage is a 'Brute Action – Attack' card.
3. The submission states that Alpha Rampage is a card in the Flesh and Blood game that belongs to the brute class.
4. Both the model answer and the submission mention the word ""brute"".
5. Therefore, the submission meets the criterion.
Answer: Y
Y"
"You are assessing the correctness of a submitted answer on a given task based on a criterion and a model answer. Here is the data:

[BEGIN DATA]
************
[Question]: In the card game Flesh and Blood, what does the card Anothos do?
************
[Model Answer]: Anothos is a 'Guardian Weapon – Hammer (2H)' card from the 'Welcome to Rathe' set. It has 4 power and the abilities; **Once per turn Action** - {r}{r}{r}: **Attack**

While there are 2 or more cards with cost 3 or greater in your pitch zone, Anothos has +2{p}.
************
[Submission]: As an AI language model, I do not have access to the latest updates and releases of card games. However, I can tell you that Anothos is a legendary card in Flesh and Blood that belongs to the Shadow class. It is a weapon card that has a cost of 2 resources and has an attack value of 3. Its effect allows the player to banish a card from their graveyard to give Anothos +1 attack for the turn.
************
[Criterion]: class: Is the class correct?
************
[END DATA]

Does the submission meet the criterion? First, write out in a step by step manner your reasoning about the criterion to be sure that your conclusion is correct.
Avoid simply stating the correct answers at the outset. Then print only the single character ""Y"" or ""N"" (without quotes or punctuation) on its own line corresponding to the correct answer.
At the end, repeat just the letter again by itself on a new line.

Reasoning:

First, write out in a step by step manner your reasoning to be sure that your conclusion is correct. Avoid simply stating the correct answer at the outset. Then print only a single choice from ""Y"" or ""N"" (without quotes or punctuation) on its own line corresponding to the correct answer. At the end, repeat just the answer by itself on a new line.

Reasoning:","1. The criterion is whether the class is correct.
2. The model answer states that Anothos is a 'Guardian Weapon – Hammer (2H)' card.
3. The submission states that Anothos is a legendary card in Flesh and Blood that belongs to the Shadow class.
4. The submission does not mention the 'Guardian Weapon – Hammer (2H)' class mentioned in the model answer.
5. Therefore, the submission does not meet the criterion as it does not correctly state the class of Anothos.
6. The answer is ""N"".

N"
"You are assessing the correctness of a submitted answer on a given task based on a criterion and a model answer. Here is the data:

[BEGIN DATA]
************
[Question]: In the card game Flesh and Blood, what does the card Awakening Bellow (Red) do?
************
[Model Answer]: Awakening Bellow (Red) is a 'Brute Action' card from the 'Welcome to Rathe' set. It costs 1, pitches for 1, defends for 3, has None power, and has the abilities; The next Brute attack action card you play this turn gains +3{p}.

**Intimidate**

**Go again**
************
[Submission]: Awakening Bellow (Red) is an attack action card in Flesh and Blood that costs 2 resources and has a base power of 3. Its effect reads: ""If Awakening Bellow hits, put it on the bottom of your hero's arsenal. If it was defended by a card with cost 2 or greater, draw a card."" This means that if the attack successfully hits the opponent, the card goes back to the bottom of the player's deck, and if the opponent defends with a card that costs 2 or more resources, the player gets to draw an additional card.
************
[Criterion]: class: Is the class correct?
************
[END DATA]

Does the submission meet the criterion? First, write out in a step by step manner your reasoning about the criterion to be sure that your conclusion is correct.
Avoid simply stating the correct answers at the outset. Then print only the single character ""Y"" or ""N"" (without quotes or punctuation) on its own line corresponding to the correct answer.
At the end, repeat just the letter again by itself on a new line.

Reasoning:

First, write out in a step by step manner your reasoning to be sure that your conclusion is correct. Avoid simply stating the correct answer at the outset. Then print only a single choice from ""Y"" or ""N"" (without quotes or punctuation) on its own line corresponding to the correct answer. At the end, repeat just the answer by itself on a new line.

Reasoning:","1. The criterion is whether the class is correct.
2. The model answer states that Awakening Bellow (Red) is a 'Brute Action' card.
3. The submission does not mention the class of the card.
4. Therefore, we cannot determine if the submission meets the criterion based on the given data.
5. Answer: N

N"
"You are assessing the correctness of a submitted answer on a given task based on a criterion and a model answer. Here is the data:

[BEGIN DATA]
************
[Question]: In the card game Flesh and Blood, what does the card Awakening Bellow (Yellow) do?
************
[Model Answer]: Awakening Bellow (Yellow) is a 'Brute Action' card from the 'Welcome to Rathe' set. It costs 1, pitches for 2, defends for 3, has None power, and has the abilities; The next Brute attack action card you play this turn gains +2{p}.

**Intimidate**

**Go again**
************
[Submission]: Awakening Bellow (Yellow) is an attack action card in Flesh and Blood. It has a cost of 1 resource point and a base power of 3. Its effect reads: ""If Awakening Bellow hits, reveal the top card of your deck. If it's a weapon card, put it into your hand. Otherwise, banish it.""
************
[Criterion]: type: Is the card type correct?
************
[END DATA]

Does the submission meet the criterion? First, write out in a step by step manner your reasoning about the criterion to be sure that your conclusion is correct.
Avoid simply stating the correct answers at the outset. Then print only the single character ""Y"" or ""N"" (without quotes or punctuation) on its own line corresponding to the correct answer.
At the end, repeat just the letter again by itself on a new line.

Reasoning:

First, write out in a step by step manner your reasoning to be sure that your conclusion is correct. Avoid simply stating the correct answer at the outset. Then print only a single choice from ""Y"" or ""N"" (without quotes or punctuation) on its own line corresponding to the correct answer. At the end, repeat just the answer by itself on a new line.

Reasoning:","1. The criterion is whether the card type is correct.
2. The model answer states that Awakening Bellow (Yellow) is a 'Brute Action' card.
3. The submission states that Awakening Bellow (Yellow) is an attack action card.
4. Therefore, the submission does not meet the criterion.
Answer: N
N"
"You are assessing the correctness of a submitted answer on a given task based on a criterion and a model answer. Here is the data:

[BEGIN DATA]
************
[Question]: In the card game Flesh and Blood, what does the card Ancestral Empowerment do?
************
[Model Answer]: Ancestral Empowerment is a 'Ninja – Attack Reaction' card from the 'Welcome to Rathe' set. It costs 0, pitches for 1, defends for 3, has None power, and has the abilities; Target Ninja attack action card gains +1{p}.

Draw a card.
************
[Submission]: As an AI language model, I cannot access current information about the game Flesh and Blood. However, based on my research, Ancestral Empowerment is a card in the game that allows the player to draw two cards and then put a card from their hand on top or bottom of their deck.
************
[Criterion]: cost: Is the cost correct?
************
[END DATA]

Does the submission meet the criterion? First, write out in a step by step manner your reasoning about the criterion to be sure that your conclusion is correct.
Avoid simply stating the correct answers at the outset. Then print only the single character ""Y"" or ""N"" (without quotes or punctuation) on its own line corresponding to the correct answer.
At the end, repeat just the letter again by itself on a new line.

Reasoning:

First, write out in a step by step manner your reasoning to be sure that your conclusion is correct. Avoid simply stating the correct answer at the outset. Then print only a single choice from ""Y"" or ""N"" (without quotes or punctuation) on its own line corresponding to the correct answer. At the end, repeat just the answer by itself on a new line.

Reasoning:","1. The criterion is the cost of the card Ancestral Empowerment.
2. The model answer states that the cost is 0.
3. The submission does not mention the cost of the card.
4. Therefore, it is not possible to determine if the submission meets the criterion.

N"
"You are assessing the correctness of a submitted answer on a given task based on a criterion and a model answer. Here is the data:

[BEGIN DATA]
************
[Question]: In the card game Flesh and Blood, what does the card Awakening Bellow (Yellow) do?
************
[Model Answer]: Awakening Bellow (Yellow) is a 'Brute Action' card from the 'Welcome to Rathe' set. It costs 1, pitches for 2, defends for 3, has None power, and has the abilities; The next Brute attack action card you play this turn gains +2{p}.

**Intimidate**

**Go again**
************
[Submission]: Awakening Bellow (Yellow) is an attack action card in Flesh and Blood. It has a cost of 1 resource point and a base power of 3. Its effect reads: ""If Awakening Bellow hits, reveal the top card of your deck. If it's a weapon card, put it into your hand. Otherwise, banish it.""
************
[Criterion]: cost: Is the cost correct?
************
[END DATA]

Does the submission meet the criterion? First, write out in a step by step manner your reasoning about the criterion to be sure that your conclusion is correct.
Avoid simply stating the correct answers at the outset. Then print only the single character ""Y"" or ""N"" (without quotes or punctuation) on its own line corresponding to the correct answer.
At the end, repeat just the letter again by itself on a new line.

Reasoning:

First, write out in a step by step manner your reasoning to be sure that your conclusion is correct. Avoid simply stating the correct answer at the outset. Then print only a single choice from ""Y"" or ""N"" (without quotes or punctuation) on its own line corresponding to the correct answer. At the end, repeat just the answer by itself on a new line.

Reasoning:","1. The criterion is the cost of the card.
2. The model answer states that the cost is 1.
3. The submission also states that the cost is 1.
4. Therefore, the submission meets the criterion.

Y"
"You are assessing the correctness of a submitted answer on a given task based on a criterion and a model answer. Here is the data:

[BEGIN DATA]
************
[Question]: In the card game Flesh and Blood, what does the card Alpha Rampage do?
************
[Model Answer]: Alpha Rampage is a 'Brute Action – Attack' card from the 'Welcome to Rathe' set. It costs 3, pitches for 1, defends for 3, has 9 power, and has the abilities; **Rhinar Specialization**

As an additional cost to play Alpha Rampage, discard a random card.

When you attack with Alpha Rampage, **intimidate**.
************
[Submission]: As an AI language model, I do not have access to the latest updates or releases of card games. However, based on my research, Alpha Rampage is a card in the Flesh and Blood game that belongs to the brute class. It is an attack action card that costs 3 resources to play and has a base power of 6. It also has the dominate keyword, which means that if it hits an opponent, the opponent must defend with two cards instead of one. Additionally, if Alpha Rampage deals 4 or more damage to the opponent, the player who played the card gains an additional action point.
************
[Criterion]: type: Is the card type correct?
************
[END DATA]

Does the submission meet the criterion? First, write out in a step by step manner your reasoning about the criterion to be sure that your conclusion is correct.
Avoid simply stating the correct answers at the outset. Then print only the single character ""Y"" or ""N"" (without quotes or punctuation) on its own line corresponding to the correct answer.
At the end, repeat just the letter again by itself on a new line.

Reasoning:

First, write out in a step by step manner your reasoning to be sure that your conclusion is correct. Avoid simply stating the correct answer at the outset. Then print only a single choice from ""Y"" or ""N"" (without quotes or punctuation) on its own line corresponding to the correct answer. At the end, repeat just the answer by itself on a new line.

Reasoning:","1. The criterion is whether the card type is correct.
2. The model answer states that Alpha Rampage is a 'Brute Action – Attack' card.
3. The submission also states that Alpha Rampage is an attack action card that belongs to the brute class.
4. Therefore, the submission meets the criterion.
Answer: Y"
"You are assessing the correctness of a submitted answer on a given task based on a criterion and a model answer. Here is the data:

[BEGIN DATA]
************
[Question]: In the card game Flesh and Blood, what does the card Anothos do?
************
[Model Answer]: Anothos is a 'Guardian Weapon – Hammer (2H)' card from the 'Welcome to Rathe' set. It has 4 power and the abilities; **Once per turn Action** - {r}{r}{r}: **Attack**

While there are 2 or more cards with cost 3 or greater in your pitch zone, Anothos has +2{p}.
************
[Submission]: As an AI language model, I do not have access to the latest updates and releases of card games. However, I can tell you that Anothos is a legendary card in Flesh and Blood that belongs to the Shadow class. It is a weapon card that has a cost of 2 resources and has an attack value of 3. Its effect allows the player to banish a card from their graveyard to give Anothos +1 attack for the turn.
************
[Criterion]: type: Is the card type correct?
************
[END DATA]

Does the submission meet the criterion? First, write out in a step by step manner your reasoning about the criterion to be sure that your conclusion is correct.
Avoid simply stating the correct answers at the outset. Then print only the single character ""Y"" or ""N"" (without quotes or punctuation) on its own line corresponding to the correct answer.
At the end, repeat just the letter again by itself on a new line.

Reasoning:

First, write out in a step by step manner your reasoning to be sure that your conclusion is correct. Avoid simply stating the correct answer at the outset. Then print only a single choice from ""Y"" or ""N"" (without quotes or punctuation) on its own line corresponding to the correct answer. At the end, repeat just the answer by itself on a new line.

Reasoning:","1. The criterion is whether the card type is correct.
2. The model answer states that Anothos is a 'Guardian Weapon – Hammer (2H)' card.
3. The submission states that Anothos is a legendary card in Flesh and Blood that belongs to the Shadow class and is a weapon card.
4. The submission does not mention the specific type of weapon.
5. Therefore, the submission does not meet the criterion as it does not correctly state the card type.

N"
"You are assessing the correctness of a submitted answer on a given task based on a criterion and a model answer. Here is the data:

[BEGIN DATA]
************
[Question]: In the card game Flesh and Blood, what does the card Awakening Bellow (Red) do?
************
[Model Answer]: Awakening Bellow (Red) is a 'Brute Action' card from the 'Welcome to Rathe' set. It costs 1, pitches for 1, defends for 3, has None power, and has the abilities; The next Brute attack action card you play this turn gains +3{p}.

**Intimidate**

**Go again**
************
[Submission]: Awakening Bellow (Red) is an attack action card in Flesh and Blood that costs 2 resources and has a base power of 3. Its effect reads: ""If Awakening Bellow hits, put it on the bottom of your hero's arsenal. If it was defended by a card with cost 2 or greater, draw a card."" This means that if the attack successfully hits the opponent, the card goes back to the bottom of the player's deck, and if the opponent defends with a card that costs 2 or more resources, the player gets to draw an additional card.
************
[Criterion]: type: Is the card type correct?
************
[END DATA]

Does the submission meet the criterion? First, write out in a step by step manner your reasoning about the criterion to be sure that your conclusion is correct.
Avoid simply stating the correct answers at the outset. Then print only the single character ""Y"" or ""N"" (without quotes or punctuation) on its own line corresponding to the correct answer.
At the end, repeat just the letter again by itself on a new line.

Reasoning:

First, write out in a step by step manner your reasoning to be sure that your conclusion is correct. Avoid simply stating the correct answer at the outset. Then print only a single choice from ""Y"" or ""N"" (without quotes or punctuation) on its own line corresponding to the correct answer. At the end, repeat just the answer by itself on a new line.

Reasoning:","1. The criterion is whether the card type is correct.
2. The model answer states that Awakening Bellow (Red) is a 'Brute Action' card.
3. The submission states that Awakening Bellow (Red) is an attack action card.
4. 'Brute Action' and 'attack action' are not the same type of card.
5. Therefore, the submission does not meet the criterion.
Answer: N
N"
"You are assessing the correctness of a submitted answer on a given task based on a criterion and a model answer. Here is the data:

[BEGIN DATA]
************
[Question]: In the card game Flesh and Blood, what does the card Ancestral Empowerment do?
************
[Model Answer]: Ancestral Empowerment is a 'Ninja – Attack Reaction' card from the 'Welcome to Rathe' set. It costs 0, pitches for 1, defends for 3, has None power, and has the abilities; Target Ninja attack action card gains +1{p}.

Draw a card.
************
[Submission]: As an AI language model, I cannot access current information about the game Flesh and Blood. However, based on my research, Ancestral Empowerment is a card in the game that allows the player to draw two cards and then put a card from their hand on top or bottom of their deck.
************
[Criterion]: pitch: Is the pitch value correct?
************
[END DATA]

Does the submission meet the criterion? First, write out in a step by step manner your reasoning about the criterion to be sure that your conclusion is correct.
Avoid simply stating the correct answers at the outset. Then print only the single character ""Y"" or ""N"" (without quotes or punctuation) on its own line corresponding to the correct answer.
At the end, repeat just the letter again by itself on a new line.

Reasoning:

First, write out in a step by step manner your reasoning to be sure that your conclusion is correct. Avoid simply stating the correct answer at the outset. Then print only a single choice from ""Y"" or ""N"" (without quotes or punctuation) on its own line corresponding to the correct answer. At the end, repeat just the answer by itself on a new line.

Reasoning:","1. The criterion is pitch: Is the pitch value correct?
2. The model answer states that Ancestral Empowerment pitches for 1.
3. The submission does not mention the pitch value of Ancestral Empowerment.
4. Therefore, we cannot determine if the submission meets the criterion of pitch.
5. Answer: N

N"
"You are assessing the correctness of a submitted answer on a given task based on a criterion and a model answer. Here is the data:

[BEGIN DATA]
************
[Question]: In the card game Flesh and Blood, what does the card Alpha Rampage do?
************
[Model Answer]: Alpha Rampage is a 'Brute Action – Attack' card from the 'Welcome to Rathe' set. It costs 3, pitches for 1, defends for 3, has 9 power, and has the abilities; **Rhinar Specialization**

As an additional cost to play Alpha Rampage, discard a random card.

When you attack with Alpha Rampage, **intimidate**.
************
[Submission]: As an AI language model, I do not have access to the latest updates or releases of card games. However, based on my research, Alpha Rampage is a card in the Flesh and Blood game that belongs to the brute class. It is an attack action card that costs 3 resources to play and has a base power of 6. It also has the dominate keyword, which means that if it hits an opponent, the opponent must defend with two cards instead of one. Additionally, if Alpha Rampage deals 4 or more damage to the opponent, the player who played the card gains an additional action point.
************
[Criterion]: cost: Is the cost correct?
************
[END DATA]

Does the submission meet the criterion? First, write out in a step by step manner your reasoning about the criterion to be sure that your conclusion is correct.
Avoid simply stating the correct answers at the outset. Then print only the single character ""Y"" or ""N"" (without quotes or punctuation) on its own line corresponding to the correct answer.
At the end, repeat just the letter again by itself on a new line.

Reasoning:

First, write out in a step by step manner your reasoning to be sure that your conclusion is correct. Avoid simply stating the correct answer at the outset. Then print only a single choice from ""Y"" or ""N"" (without quotes or punctuation) on its own line corresponding to the correct answer. At the end, repeat just the answer by itself on a new line.

Reasoning:","1. The criterion is the correctness of the cost of the card Alpha Rampage.
2. The model answer states that the cost of Alpha Rampage is 3 resources to play.
3. The submission also states that the cost of Alpha Rampage is 3 resources to play.
4. Therefore, the submission meets the criterion.
Y

Y"
"You are assessing the correctness of a submitted answer on a given task based on a criterion and a model answer. Here is the data:

[BEGIN DATA]
************
[Question]: In the card game Flesh and Blood, what does the card Awakening Bellow (Yellow) do?
************
[Model Answer]: Awakening Bellow (Yellow) is a 'Brute Action' card from the 'Welcome to Rathe' set. It costs 1, pitches for 2, defends for 3, has None power, and has the abilities; The next Brute attack action card you play this turn gains +2{p}.

**Intimidate**

**Go again**
************
[Submission]: Awakening Bellow (Yellow) is an attack action card in Flesh and Blood. It has a cost of 1 resource point and a base power of 3. Its effect reads: ""If Awakening Bellow hits, reveal the top card of your deck. If it's a weapon card, put it into your hand. Otherwise, banish it.""
************
[Criterion]: pitch: Is the pitch value correct?
************
[END DATA]

Does the submission meet the criterion? First, write out in a step by step manner your reasoning about the criterion to be sure that your conclusion is correct.
Avoid simply stating the correct answers at the outset. Then print only the single character ""Y"" or ""N"" (without quotes or punctuation) on its own line corresponding to the correct answer.
At the end, repeat just the letter again by itself on a new line.

Reasoning:

First, write out in a step by step manner your reasoning to be sure that your conclusion is correct. Avoid simply stating the correct answer at the outset. Then print only a single choice from ""Y"" or ""N"" (without quotes or punctuation) on its own line corresponding to the correct answer. At the end, repeat just the answer by itself on a new line.

Reasoning:","1. The criterion is pitch: Is the pitch value correct?
2. The model answer states that Awakening Bellow (Yellow) pitches for 2.
3. The submission states that Awakening Bellow (Yellow) has a cost of 1 resource point, but does not mention its pitch value.
4. Therefore, it is unclear whether the submission meets the criterion or not.
5. Answer: N

N"
"You are assessing the correctness of a submitted answer on a given task based on a criterion and a model answer. Here is the data:

[BEGIN DATA]
************
[Question]: In the card game Flesh and Blood, what does the card Anothos do?
************
[Model Answer]: Anothos is a 'Guardian Weapon – Hammer (2H)' card from the 'Welcome to Rathe' set. It has 4 power and the abilities; **Once per turn Action** - {r}{r}{r}: **Attack**

While there are 2 or more cards with cost 3 or greater in your pitch zone, Anothos has +2{p}.
************
[Submission]: As an AI language model, I do not have access to the latest updates and releases of card games. However, I can tell you that Anothos is a legendary card in Flesh and Blood that belongs to the Shadow class. It is a weapon card that has a cost of 2 resources and has an attack value of 3. Its effect allows the player to banish a card from their graveyard to give Anothos +1 attack for the turn.
************
[Criterion]: cost: Is the cost correct?
************
[END DATA]

Does the submission meet the criterion? First, write out in a step by step manner your reasoning about the criterion to be sure that your conclusion is correct.
Avoid simply stating the correct answers at the outset. Then print only the single character ""Y"" or ""N"" (without quotes or punctuation) on its own line corresponding to the correct answer.
At the end, repeat just the letter again by itself on a new line.

Reasoning:

First, write out in a step by step manner your reasoning to be sure that your conclusion is correct. Avoid simply stating the correct answer at the outset. Then print only a single choice from ""Y"" or ""N"" (without quotes or punctuation) on its own line corresponding to the correct answer. At the end, repeat just the answer by itself on a new line.

Reasoning:","1. The criterion is ""cost: Is the cost correct?""
2. The model answer states that Anothos has a cost of {r}{r}{r}, which is 3 resources.
3. The submission states that Anothos has a cost of 2 resources.
4. Therefore, the submission does not meet the criterion.
5. Answer: N

N"
"You are assessing the correctness of a submitted answer on a given task based on a criterion and a model answer. Here is the data:

[BEGIN DATA]
************
[Question]: In the card game Flesh and Blood, what does the card Awakening Bellow (Red) do?
************
[Model Answer]: Awakening Bellow (Red) is a 'Brute Action' card from the 'Welcome to Rathe' set. It costs 1, pitches for 1, defends for 3, has None power, and has the abilities; The next Brute attack action card you play this turn gains +3{p}.

**Intimidate**

**Go again**
************
[Submission]: Awakening Bellow (Red) is an attack action card in Flesh and Blood that costs 2 resources and has a base power of 3. Its effect reads: ""If Awakening Bellow hits, put it on the bottom of your hero's arsenal. If it was defended by a card with cost 2 or greater, draw a card."" This means that if the attack successfully hits the opponent, the card goes back to the bottom of the player's deck, and if the opponent defends with a card that costs 2 or more resources, the player gets to draw an additional card.
************
[Criterion]: cost: Is the cost correct?
************
[END DATA]

Does the submission meet the criterion? First, write out in a step by step manner your reasoning about the criterion to be sure that your conclusion is correct.
Avoid simply stating the correct answers at the outset. Then print only the single character ""Y"" or ""N"" (without quotes or punctuation) on its own line corresponding to the correct answer.
At the end, repeat just the letter again by itself on a new line.

Reasoning:

First, write out in a step by step manner your reasoning to be sure that your conclusion is correct. Avoid simply stating the correct answer at the outset. Then print only a single choice from ""Y"" or ""N"" (without quotes or punctuation) on its own line corresponding to the correct answer. At the end, repeat just the answer by itself on a new line.

Reasoning:","1. Identify the relevant information for the criterion: cost.
2. Model answer states that Awakening Bellow (Red) costs 1.
3. Submission states that Awakening Bellow (Red) costs 2.
4. Compare the submission's answer to the model answer.
5. The submission's answer is not the same as the model answer.
6. Therefore, the submission does not meet the criterion of cost.
Answer: N
N"
"You are assessing the correctness of a submitted answer on a given task based on a criterion and a model answer. Here is the data:

[BEGIN DATA]
************
[Question]: In the card game Flesh and Blood, what does the card Ancestral Empowerment do?
************
[Model Answer]: Ancestral Empowerment is a 'Ninja – Attack Reaction' card from the 'Welcome to Rathe' set. It costs 0, pitches for 1, defends for 3, has None power, and has the abilities; Target Ninja attack action card gains +1{p}.

Draw a card.
************
[Submission]: As an AI language model, I cannot access current information about the game Flesh and Blood. However, based on my research, Ancestral Empowerment is a card in the game that allows the player to draw two cards and then put a card from their hand on top or bottom of their deck.
************
[Criterion]: defence: Is the defence value correct?
************
[END DATA]

Does the submission meet the criterion? First, write out in a step by step manner your reasoning about the criterion to be sure that your conclusion is correct.
Avoid simply stating the correct answers at the outset. Then print only the single character ""Y"" or ""N"" (without quotes or punctuation) on its own line corresponding to the correct answer.
At the end, repeat just the letter again by itself on a new line.

Reasoning:

First, write out in a step by step manner your reasoning to be sure that your conclusion is correct. Avoid simply stating the correct answer at the outset. Then print only a single choice from ""Y"" or ""N"" (without quotes or punctuation) on its own line corresponding to the correct answer. At the end, repeat just the answer by itself on a new line.

Reasoning:","1. The criterion is defence value correctness.
2. The model answer states that Ancestral Empowerment defends for 3.
3. The submission does not mention the defence value.
4. Therefore, it cannot be determined if the submission meets the criterion or not.

N"
"You are assessing the correctness of a submitted answer on a given task based on a criterion and a model answer. Here is the data:

[BEGIN DATA]
************
[Question]: In the card game Flesh and Blood, what does the card Awakening Bellow (Yellow) do?
************
[Model Answer]: Awakening Bellow (Yellow) is a 'Brute Action' card from the 'Welcome to Rathe' set. It costs 1, pitches for 2, defends for 3, has None power, and has the abilities; The next Brute attack action card you play this turn gains +2{p}.

**Intimidate**

**Go again**
************
[Submission]: Awakening Bellow (Yellow) is an attack action card in Flesh and Blood. It has a cost of 1 resource point and a base power of 3. Its effect reads: ""If Awakening Bellow hits, reveal the top card of your deck. If it's a weapon card, put it into your hand. Otherwise, banish it.""
************
[Criterion]: defence: Is the defence value correct?
************
[END DATA]

Does the submission meet the criterion? First, write out in a step by step manner your reasoning about the criterion to be sure that your conclusion is correct.
Avoid simply stating the correct answers at the outset. Then print only the single character ""Y"" or ""N"" (without quotes or punctuation) on its own line corresponding to the correct answer.
At the end, repeat just the letter again by itself on a new line.

Reasoning:

First, write out in a step by step manner your reasoning to be sure that your conclusion is correct. Avoid simply stating the correct answer at the outset. Then print only a single choice from ""Y"" or ""N"" (without quotes or punctuation) on its own line corresponding to the correct answer. At the end, repeat just the answer by itself on a new line.

Reasoning:","1. The criterion is defence value correctness.
2. The model answer states that Awakening Bellow (Yellow) defends for 3.
3. The submission states that Awakening Bellow (Yellow) has a base power of 3, but does not mention its defence value.
4. Therefore, it is unclear whether the submission meets the criterion or not.

N"
"You are assessing the correctness of a submitted answer on a given task based on a criterion and a model answer. Here is the data:

[BEGIN DATA]
************
[Question]: In the card game Flesh and Blood, what does the card Alpha Rampage do?
************
[Model Answer]: Alpha Rampage is a 'Brute Action – Attack' card from the 'Welcome to Rathe' set. It costs 3, pitches for 1, defends for 3, has 9 power, and has the abilities; **Rhinar Specialization**

As an additional cost to play Alpha Rampage, discard a random card.

When you attack with Alpha Rampage, **intimidate**.
************
[Submission]: As an AI language model, I do not have access to the latest updates or releases of card games. However, based on my research, Alpha Rampage is a card in the Flesh and Blood game that belongs to the brute class. It is an attack action card that costs 3 resources to play and has a base power of 6. It also has the dominate keyword, which means that if it hits an opponent, the opponent must defend with two cards instead of one. Additionally, if Alpha Rampage deals 4 or more damage to the opponent, the player who played the card gains an additional action point.
************
[Criterion]: pitch: Is the pitch value correct?
************
[END DATA]

Does the submission meet the criterion? First, write out in a step by step manner your reasoning about the criterion to be sure that your conclusion is correct.
Avoid simply stating the correct answers at the outset. Then print only the single character ""Y"" or ""N"" (without quotes or punctuation) on its own line corresponding to the correct answer.
At the end, repeat just the letter again by itself on a new line.

Reasoning:

First, write out in a step by step manner your reasoning to be sure that your conclusion is correct. Avoid simply stating the correct answer at the outset. Then print only a single choice from ""Y"" or ""N"" (without quotes or punctuation) on its own line corresponding to the correct answer. At the end, repeat just the answer by itself on a new line.

Reasoning:","1. The criterion is pitch: Is the pitch value correct?
2. The model answer states that Alpha Rampage pitches for 1.
3. The submission states that Alpha Rampage costs 3 resources to play, but does not mention the pitch value explicitly.
4. However, the submission does not contradict the model answer's statement about the pitch value.
5. Therefore, based on the information provided, we cannot determine if the submission meets the criterion or not.
6. Answer: N

N"
"You are assessing the correctness of a submitted answer on a given task based on a criterion and a model answer. Here is the data:

[BEGIN DATA]
************
[Question]: In the card game Flesh and Blood, what does the card Awakening Bellow (Red) do?
************
[Model Answer]: Awakening Bellow (Red) is a 'Brute Action' card from the 'Welcome to Rathe' set. It costs 1, pitches for 1, defends for 3, has None power, and has the abilities; The next Brute attack action card you play this turn gains +3{p}.

**Intimidate**

**Go again**
************
[Submission]: Awakening Bellow (Red) is an attack action card in Flesh and Blood that costs 2 resources and has a base power of 3. Its effect reads: ""If Awakening Bellow hits, put it on the bottom of your hero's arsenal. If it was defended by a card with cost 2 or greater, draw a card."" This means that if the attack successfully hits the opponent, the card goes back to the bottom of the player's deck, and if the opponent defends with a card that costs 2 or more resources, the player gets to draw an additional card.
************
[Criterion]: pitch: Is the pitch value correct?
************
[END DATA]

Does the submission meet the criterion? First, write out in a step by step manner your reasoning about the criterion to be sure that your conclusion is correct.
Avoid simply stating the correct answers at the outset. Then print only the single character ""Y"" or ""N"" (without quotes or punctuation) on its own line corresponding to the correct answer.
At the end, repeat just the letter again by itself on a new line.

Reasoning:

First, write out in a step by step manner your reasoning to be sure that your conclusion is correct. Avoid simply stating the correct answer at the outset. Then print only a single choice from ""Y"" or ""N"" (without quotes or punctuation) on its own line corresponding to the correct answer. At the end, repeat just the answer by itself on a new line.

Reasoning:","1. The criterion is pitch value.
2. The model answer states that Awakening Bellow (Red) pitches for 1.
3. The submission states that Awakening Bellow (Red) costs 2 resources, but does not mention the pitch value.
4. Therefore, it is unclear whether the submission meets the criterion or not.
5. Answer: N

N"
"You are assessing the correctness of a submitted answer on a given task based on a criterion and a model answer. Here is the data:

[BEGIN DATA]
************
[Question]: In the card game Flesh and Blood, what does the card Alpha Rampage do?
************
[Model Answer]: Alpha Rampage is a 'Brute Action – Attack' card from the 'Welcome to Rathe' set. It costs 3, pitches for 1, defends for 3, has 9 power, and has the abilities; **Rhinar Specialization**

As an additional cost to play Alpha Rampage, discard a random card.

When you attack with Alpha Rampage, **intimidate**.
************
[Submission]: As an AI language model, I do not have access to the latest updates or releases of card games. However, based on my research, Alpha Rampage is a card in the Flesh and Blood game that belongs to the brute class. It is an attack action card that costs 3 resources to play and has a base power of 6. It also has the dominate keyword, which means that if it hits an opponent, the opponent must defend with two cards instead of one. Additionally, if Alpha Rampage deals 4 or more damage to the opponent, the player who played the card gains an additional action point.
************
[Criterion]: defence: Is the defence value correct?
************
[END DATA]

Does the submission meet the criterion? First, write out in a step by step manner your reasoning about the criterion to be sure that your conclusion is correct.
Avoid simply stating the correct answers at the outset. Then print only the single character ""Y"" or ""N"" (without quotes or punctuation) on its own line corresponding to the correct answer.
At the end, repeat just the letter again by itself on a new line.

Reasoning:

First, write out in a step by step manner your reasoning to be sure that your conclusion is correct. Avoid simply stating the correct answer at the outset. Then print only a single choice from ""Y"" or ""N"" (without quotes or punctuation) on its own line corresponding to the correct answer. At the end, repeat just the answer by itself on a new line.

Reasoning:","1. The submission states that Alpha Rampage has a defence value of 6.
2. The model answer states that Alpha Rampage defends for 3.
3. Therefore, the submission does not meet the criterion as the defence value is incorrect.

Answer: N"
"You are assessing the correctness of a submitted answer on a given task based on a criterion and a model answer. Here is the data:

[BEGIN DATA]
************
[Question]: In the card game Flesh and Blood, what does the card Ancestral Empowerment do?
************
[Model Answer]: Ancestral Empowerment is a 'Ninja – Attack Reaction' card from the 'Welcome to Rathe' set. It costs 0, pitches for 1, defends for 3, has None power, and has the abilities; Target Ninja attack action card gains +1{p}.

Draw a card.
************
[Submission]: As an AI language model, I cannot access current information about the game Flesh and Blood. However, based on my research, Ancestral Empowerment is a card in the game that allows the player to draw two cards and then put a card from their hand on top or bottom of their deck.
************
[Criterion]: ability: Is the ability correct?
************
[END DATA]

Does the submission meet the criterion? First, write out in a step by step manner your reasoning about the criterion to be sure that your conclusion is correct.
Avoid simply stating the correct answers at the outset. Then print only the single character ""Y"" or ""N"" (without quotes or punctuation) on its own line corresponding to the correct answer.
At the end, repeat just the letter again by itself on a new line.

Reasoning:

First, write out in a step by step manner your reasoning to be sure that your conclusion is correct. Avoid simply stating the correct answer at the outset. Then print only a single choice from ""Y"" or ""N"" (without quotes or punctuation) on its own line corresponding to the correct answer. At the end, repeat just the answer by itself on a new line.

Reasoning:","1. The criterion is whether the ability mentioned in the submission is correct.
2. The submission states that Ancestral Empowerment allows the player to draw two cards and then put a card from their hand on top or bottom of their deck.
3. The model answer states that Ancestral Empowerment has the ability ""Target Ninja attack action card gains +1{p}. Draw a card.""
4. The abilities mentioned in the submission and the model answer are different.
5. Therefore, the submission does not meet the criterion.
6. The answer is ""N"".

N"
"You are assessing the correctness of a submitted answer on a given task based on a criterion and a model answer. Here is the data:

[BEGIN DATA]
************
[Question]: In the card game Flesh and Blood, what does the card Anothos do?
************
[Model Answer]: Anothos is a 'Guardian Weapon – Hammer (2H)' card from the 'Welcome to Rathe' set. It has 4 power and the abilities; **Once per turn Action** - {r}{r}{r}: **Attack**

While there are 2 or more cards with cost 3 or greater in your pitch zone, Anothos has +2{p}.
************
[Submission]: As an AI language model, I do not have access to the latest updates and releases of card games. However, I can tell you that Anothos is a legendary card in Flesh and Blood that belongs to the Shadow class. It is a weapon card that has a cost of 2 resources and has an attack value of 3. Its effect allows the player to banish a card from their graveyard to give Anothos +1 attack for the turn.
************
[Criterion]: pitch: Is the pitch value correct?
************
[END DATA]

Does the submission meet the criterion? First, write out in a step by step manner your reasoning about the criterion to be sure that your conclusion is correct.
Avoid simply stating the correct answers at the outset. Then print only the single character ""Y"" or ""N"" (without quotes or punctuation) on its own line corresponding to the correct answer.
At the end, repeat just the letter again by itself on a new line.

Reasoning:

First, write out in a step by step manner your reasoning to be sure that your conclusion is correct. Avoid simply stating the correct answer at the outset. Then print only a single choice from ""Y"" or ""N"" (without quotes or punctuation) on its own line corresponding to the correct answer. At the end, repeat just the answer by itself on a new line.

Reasoning:","1. The criterion is to check if the pitch value is correct in the submission.
2. The model answer does not mention anything about pitch value.
3. The submission mentions that Anothos has a cost of 2 resources, which matches the model answer.
4. The submission mentions an effect that allows the player to banish a card from their graveyard to give Anothos +1 attack for the turn, which does not match the model answer.
5. The model answer mentions an effect that gives Anothos +2{p} if there are 2 or more cards with cost 3 or greater in the pitch zone, which the submission does not mention.
6. Therefore, the submission does not meet the criterion as it does not correctly mention the pitch value according to the model answer.

Answer: N"
"You are assessing the correctness of a submitted answer on a given task based on a criterion and a model answer. Here is the data:

[BEGIN DATA]
************
[Question]: In the card game Flesh and Blood, what does the card Awakening Bellow (Yellow) do?
************
[Model Answer]: Awakening Bellow (Yellow) is a 'Brute Action' card from the 'Welcome to Rathe' set. It costs 1, pitches for 2, defends for 3, has None power, and has the abilities; The next Brute attack action card you play this turn gains +2{p}.

**Intimidate**

**Go again**
************
[Submission]: Awakening Bellow (Yellow) is an attack action card in Flesh and Blood. It has a cost of 1 resource point and a base power of 3. Its effect reads: ""If Awakening Bellow hits, reveal the top card of your deck. If it's a weapon card, put it into your hand. Otherwise, banish it.""
************
[Criterion]: ability: Is the ability correct?
************
[END DATA]

Does the submission meet the criterion? First, write out in a step by step manner your reasoning about the criterion to be sure that your conclusion is correct.
Avoid simply stating the correct answers at the outset. Then print only the single character ""Y"" or ""N"" (without quotes or punctuation) on its own line corresponding to the correct answer.
At the end, repeat just the letter again by itself on a new line.

Reasoning:

First, write out in a step by step manner your reasoning to be sure that your conclusion is correct. Avoid simply stating the correct answer at the outset. Then print only a single choice from ""Y"" or ""N"" (without quotes or punctuation) on its own line corresponding to the correct answer. At the end, repeat just the answer by itself on a new line.

Reasoning:","1. The criterion is whether the ability is correct.
2. The model answer lists two abilities: ""The next Brute attack action card you play this turn gains +2{p}"" and ""Intimidate Go again"".
3. The submission lists a different ability: ""If Awakening Bellow hits, reveal the top card of your deck. If it's a weapon card, put it into your hand. Otherwise, banish it.""
4. Therefore, the submission does not meet the criterion.
5. Answer: N

N"
"You are assessing the correctness of a submitted answer on a given task based on a criterion and a model answer. Here is the data:

[BEGIN DATA]
************
[Question]: In the card game Flesh and Blood, what does the card Awakening Bellow (Red) do?
************
[Model Answer]: Awakening Bellow (Red) is a 'Brute Action' card from the 'Welcome to Rathe' set. It costs 1, pitches for 1, defends for 3, has None power, and has the abilities; The next Brute attack action card you play this turn gains +3{p}.

**Intimidate**

**Go again**
************
[Submission]: Awakening Bellow (Red) is an attack action card in Flesh and Blood that costs 2 resources and has a base power of 3. Its effect reads: ""If Awakening Bellow hits, put it on the bottom of your hero's arsenal. If it was defended by a card with cost 2 or greater, draw a card."" This means that if the attack successfully hits the opponent, the card goes back to the bottom of the player's deck, and if the opponent defends with a card that costs 2 or more resources, the player gets to draw an additional card.
************
[Criterion]: defence: Is the defence value correct?
************
[END DATA]

Does the submission meet the criterion? First, write out in a step by step manner your reasoning about the criterion to be sure that your conclusion is correct.
Avoid simply stating the correct answers at the outset. Then print only the single character ""Y"" or ""N"" (without quotes or punctuation) on its own line corresponding to the correct answer.
At the end, repeat just the letter again by itself on a new line.

Reasoning:

First, write out in a step by step manner your reasoning to be sure that your conclusion is correct. Avoid simply stating the correct answer at the outset. Then print only a single choice from ""Y"" or ""N"" (without quotes or punctuation) on its own line corresponding to the correct answer. At the end, repeat just the answer by itself on a new line.

Reasoning:","1. The criterion is defence value correctness.
2. The model answer states that Awakening Bellow (Red) defends for 3.
3. The submission does not mention the defence value of Awakening Bellow (Red).
4. Therefore, it cannot be determined if the submission meets the criterion or not based on the given data.

N
N"
"You are assessing the correctness of a submitted answer on a given task based on a criterion and a model answer. Here is the data:

[BEGIN DATA]
************
[Question]: In the card game Flesh and Blood, what does the card Anothos do?
************
[Model Answer]: Anothos is a 'Guardian Weapon – Hammer (2H)' card from the 'Welcome to Rathe' set. It has 4 power and the abilities; **Once per turn Action** - {r}{r}{r}: **Attack**

While there are 2 or more cards with cost 3 or greater in your pitch zone, Anothos has +2{p}.
************
[Submission]: As an AI language model, I do not have access to the latest updates and releases of card games. However, I can tell you that Anothos is a legendary card in Flesh and Blood that belongs to the Shadow class. It is a weapon card that has a cost of 2 resources and has an attack value of 3. Its effect allows the player to banish a card from their graveyard to give Anothos +1 attack for the turn.
************
[Criterion]: defence: Is the defence value correct?
************
[END DATA]

Does the submission meet the criterion? First, write out in a step by step manner your reasoning about the criterion to be sure that your conclusion is correct.
Avoid simply stating the correct answers at the outset. Then print only the single character ""Y"" or ""N"" (without quotes or punctuation) on its own line corresponding to the correct answer.
At the end, repeat just the letter again by itself on a new line.

Reasoning:

First, write out in a step by step manner your reasoning to be sure that your conclusion is correct. Avoid simply stating the correct answer at the outset. Then print only a single choice from ""Y"" or ""N"" (without quotes or punctuation) on its own line corresponding to the correct answer. At the end, repeat just the answer by itself on a new line.

Reasoning:","1. The criterion is to assess the correctness of the defence value.
2. The submission does not mention the defence value of Anothos.
3. Therefore, it is not possible to assess the correctness of the defence value based on the submission.
4. The submission does not meet the criterion.

N"
"You are assessing the correctness of a submitted answer on a given task based on a criterion and a model answer. Here is the data:

[BEGIN DATA]
************
[Question]: In the card game Flesh and Blood, what does the card Alpha Rampage do?
************
[Model Answer]: Alpha Rampage is a 'Brute Action – Attack' card from the 'Welcome to Rathe' set. It costs 3, pitches for 1, defends for 3, has 9 power, and has the abilities; **Rhinar Specialization**

As an additional cost to play Alpha Rampage, discard a random card.

When you attack with Alpha Rampage, **intimidate**.
************
[Submission]: As an AI language model, I do not have access to the latest updates or releases of card games. However, based on my research, Alpha Rampage is a card in the Flesh and Blood game that belongs to the brute class. It is an attack action card that costs 3 resources to play and has a base power of 6. It also has the dominate keyword, which means that if it hits an opponent, the opponent must defend with two cards instead of one. Additionally, if Alpha Rampage deals 4 or more damage to the opponent, the player who played the card gains an additional action point.
************
[Criterion]: ability: Is the ability correct?
************
[END DATA]

Does the submission meet the criterion? First, write out in a step by step manner your reasoning about the criterion to be sure that your conclusion is correct.
Avoid simply stating the correct answers at the outset. Then print only the single character ""Y"" or ""N"" (without quotes or punctuation) on its own line corresponding to the correct answer.
At the end, repeat just the letter again by itself on a new line.

Reasoning:

First, write out in a step by step manner your reasoning to be sure that your conclusion is correct. Avoid simply stating the correct answer at the outset. Then print only a single choice from ""Y"" or ""N"" (without quotes or punctuation) on its own line corresponding to the correct answer. At the end, repeat just the answer by itself on a new line.

Reasoning:","1. The criterion is to assess whether the ability mentioned in the submission is correct.
2. The ability mentioned in the submission is ""dominate"" and its effects.
3. The model answer mentions the ability ""intimidate"" for Alpha Rampage, but the submission does not mention it.
4. The submission mentions the ability ""dominate"" instead, which is not mentioned in the model answer.
5. Therefore, the submission does not meet the criterion as it mentions a different ability than the one mentioned in the model answer.
6. Answer: N

N"
"You are assessing the correctness of a submitted answer on a given task based on a criterion and a model answer. Here is the data:

[BEGIN DATA]
************
[Question]: In the card game Flesh and Blood, what does the card Awakening Bellow (Red) do?
************
[Model Answer]: Awakening Bellow (Red) is a 'Brute Action' card from the 'Welcome to Rathe' set. It costs 1, pitches for 1, defends for 3, has None power, and has the abilities; The next Brute attack action card you play this turn gains +3{p}.

**Intimidate**

**Go again**
************
[Submission]: Awakening Bellow (Red) is an attack action card in Flesh and Blood that costs 2 resources and has a base power of 3. Its effect reads: ""If Awakening Bellow hits, put it on the bottom of your hero's arsenal. If it was defended by a card with cost 2 or greater, draw a card."" This means that if the attack successfully hits the opponent, the card goes back to the bottom of the player's deck, and if the opponent defends with a card that costs 2 or more resources, the player gets to draw an additional card.
************
[Criterion]: ability: Is the ability correct?
************
[END DATA]

Does the submission meet the criterion? First, write out in a step by step manner your reasoning about the criterion to be sure that your conclusion is correct.
Avoid simply stating the correct answers at the outset. Then print only the single character ""Y"" or ""N"" (without quotes or punctuation) on its own line corresponding to the correct answer.
At the end, repeat just the letter again by itself on a new line.

Reasoning:

First, write out in a step by step manner your reasoning to be sure that your conclusion is correct. Avoid simply stating the correct answer at the outset. Then print only a single choice from ""Y"" or ""N"" (without quotes or punctuation) on its own line corresponding to the correct answer. At the end, repeat just the answer by itself on a new line.

Reasoning:","1. The criterion is whether the ability described in the submission is correct.
2. The ability described in the submission is: ""If Awakening Bellow hits, put it on the bottom of your hero's arsenal. If it was defended by a card with cost 2 or greater, draw a card.""
3. The ability described in the model answer is: ""The next Brute attack action card you play this turn gains +3{p}. Intimidate. Go again.""
4. The ability described in the submission does not match the ability described in the model answer.
5. Therefore, the submission does not meet the criterion.
Answer: N"
"You are assessing the correctness of a submitted answer on a given task based on a criterion and a model answer. Here is the data:

[BEGIN DATA]
************
[Question]: In the card game Flesh and Blood, what does the card Anothos do?
************
[Model Answer]: Anothos is a 'Guardian Weapon – Hammer (2H)' card from the 'Welcome to Rathe' set. It has 4 power and the abilities; **Once per turn Action** - {r}{r}{r}: **Attack**

While there are 2 or more cards with cost 3 or greater in your pitch zone, Anothos has +2{p}.
************
[Submission]: As an AI language model, I do not have access to the latest updates and releases of card games. However, I can tell you that Anothos is a legendary card in Flesh and Blood that belongs to the Shadow class. It is a weapon card that has a cost of 2 resources and has an attack value of 3. Its effect allows the player to banish a card from their graveyard to give Anothos +1 attack for the turn.
************
[Criterion]: ability: Is the ability correct?
************
[END DATA]

Does the submission meet the criterion? First, write out in a step by step manner your reasoning about the criterion to be sure that your conclusion is correct.
Avoid simply stating the correct answers at the outset. Then print only the single character ""Y"" or ""N"" (without quotes or punctuation) on its own line corresponding to the correct answer.
At the end, repeat just the letter again by itself on a new line.

Reasoning:

First, write out in a step by step manner your reasoning to be sure that your conclusion is correct. Avoid simply stating the correct answer at the outset. Then print only a single choice from ""Y"" or ""N"" (without quotes or punctuation) on its own line corresponding to the correct answer. At the end, repeat just the answer by itself on a new line.

Reasoning:","1. The criterion is to assess the correctness of the ability mentioned in the submission.
2. The model answer states that Anothos has the ability ""Once per turn Action - {r}{r}{r}: Attack"" and also gains +2{p} if there are 2 or more cards with cost 3 or greater in the pitch zone.
3. The submission mentions that Anothos allows the player to banish a card from their graveyard to give Anothos +1 attack for the turn.
4. The submission does not mention the ability mentioned in the model answer.
5. Therefore, the submission does not meet the criterion as it does not mention the correct ability.
6. The answer is ""N"".

N"
